SKU,Shopify handle,Product,Size,Supplier size,Supplier product,Blank colour,Production master,Artwork text (verify on proof),Placement,Supplier product ref,Supplier variant ref,Mockup saved (artwork/mockups/…)
TRZ-MUM-TEE-S,mumbai-made-oversized-tee,Mumbai Made — Premium Oversized Tee,S,S,Oversized T-shirts,White,01_mumbai_made.png,MUMBAI MADE · EST. 1995 · BUILT HERE. WORN EVERYWHERE.,"Front, centred, ~1 in below collar",,,
TRZ-MUM-TEE-M,mumbai-made-oversized-tee,Mumbai Made — Premium Oversized Tee,M,M,Oversized T-shirts,White,01_mumbai_made.png,MUMBAI MADE · EST. 1995 · BUILT HERE. WORN EVERYWHERE.,"Front, centred, ~1 in below collar",,,
TRZ-MUM-TEE-L,mumbai-made-oversized-tee,Mumbai Made — Premium Oversized Tee,L,L,Oversized T-shirts,White,01_mumbai_made.png,MUMBAI MADE · EST. 1995 · BUILT HERE. WORN EVERYWHERE.,"Front, centred, ~1 in below collar",,,
TRZ-MUM-TEE-XL,mumbai-made-oversized-tee,Mumbai Made — Premium Oversized Tee,XL,XL,Oversized T-shirts,White,01_mumbai_made.png,MUMBAI MADE · EST. 1995 · BUILT HERE. WORN EVERYWHERE.,"Front, centred, ~1 in below collar",,,
TRZ-MUM-TEE-XXL,mumbai-made-oversized-tee,Mumbai Made — Premium Oversized Tee,XXL,2XL (confirm = XXL),Oversized T-shirts,White,01_mumbai_made.png,MUMBAI MADE · EST. 1995 · BUILT HERE. WORN EVERYWHERE.,"Front, centred, ~1 in below collar",,,
TRZ-LOC-TEE-S,local-life-oversized-tee,Local Life — Premium Oversized Tee,S,S,Oversized T-shirts,White,02_local_life.png,LOCAL LEGEND · MUMBAI · DIFFERENT STATION. SAME STORY.,"Front, centred, ~1 in below collar",,,
TRZ-LOC-TEE-M,local-life-oversized-tee,Local Life — Premium Oversized Tee,M,M,Oversized T-shirts,White,02_local_life.png,LOCAL LEGEND · MUMBAI · DIFFERENT STATION. SAME STORY.,"Front, centred, ~1 in below collar",,,
TRZ-LOC-TEE-L,local-life-oversized-tee,Local Life — Premium Oversized Tee,L,L,Oversized T-shirts,White,02_local_life.png,LOCAL LEGEND · MUMBAI · DIFFERENT STATION. SAME STORY.,"Front, centred, ~1 in below collar",,,
TRZ-LOC-TEE-XL,local-life-oversized-tee,Local Life — Premium Oversized Tee,XL,XL,Oversized T-shirts,White,02_local_life.png,LOCAL LEGEND · MUMBAI · DIFFERENT STATION. SAME STORY.,"Front, centred, ~1 in below collar",,,
TRZ-LOC-TEE-XXL,local-life-oversized-tee,Local Life — Premium Oversized Tee,XXL,2XL (confirm = XXL),Oversized T-shirts,White,02_local_life.png,LOCAL LEGEND · MUMBAI · DIFFERENT STATION. SAME STORY.,"Front, centred, ~1 in below collar",,,
TRZ-COR-TEE-S,corporate-survivor-oversized-tee,Corporate Survivor — Premium Oversized Tee,S,S,Oversized T-shirts,White,03_corporate_survivor.png,THIS MEETING COULD HAVE BEEN AN EMAIL. · CORPORATE SURVIVOR,"Front, centred, ~1 in below collar",,,
TRZ-COR-TEE-M,corporate-survivor-oversized-tee,Corporate Survivor — Premium Oversized Tee,M,M,Oversized T-shirts,White,03_corporate_survivor.png,THIS MEETING COULD HAVE BEEN AN EMAIL. · CORPORATE SURVIVOR,"Front, centred, ~1 in below collar",,,
TRZ-COR-TEE-L,corporate-survivor-oversized-tee,Corporate Survivor — Premium Oversized Tee,L,L,Oversized T-shirts,White,03_corporate_survivor.png,THIS MEETING COULD HAVE BEEN AN EMAIL. · CORPORATE SURVIVOR,"Front, centred, ~1 in below collar",,,
TRZ-COR-TEE-XL,corporate-survivor-oversized-tee,Corporate Survivor — Premium Oversized Tee,XL,XL,Oversized T-shirts,White,03_corporate_survivor.png,THIS MEETING COULD HAVE BEEN AN EMAIL. · CORPORATE SURVIVOR,"Front, centred, ~1 in below collar",,,
TRZ-COR-TEE-XXL,corporate-survivor-oversized-tee,Corporate Survivor — Premium Oversized Tee,XXL,2XL (confirm = XXL),Oversized T-shirts,White,03_corporate_survivor.png,THIS MEETING COULD HAVE BEEN AN EMAIL. · CORPORATE SURVIVOR,"Front, centred, ~1 in below collar",,,
TRZ-COF-TEE-S,coffee-personality-oversized-tee,Coffee Personality — Premium Oversized Tee,S,S,Oversized T-shirts,White,04_coffee_personality.png,GOOD IDEAS START WITH COFFEE · BOMBAY COFFEE CLUB,"Front, centred, ~1 in below collar",,,
TRZ-COF-TEE-M,coffee-personality-oversized-tee,Coffee Personality — Premium Oversized Tee,M,M,Oversized T-shirts,White,04_coffee_personality.png,GOOD IDEAS START WITH COFFEE · BOMBAY COFFEE CLUB,"Front, centred, ~1 in below collar",,,
TRZ-COF-TEE-L,coffee-personality-oversized-tee,Coffee Personality — Premium Oversized Tee,L,L,Oversized T-shirts,White,04_coffee_personality.png,GOOD IDEAS START WITH COFFEE · BOMBAY COFFEE CLUB,"Front, centred, ~1 in below collar",,,
TRZ-COF-TEE-XL,coffee-personality-oversized-tee,Coffee Personality — Premium Oversized Tee,XL,XL,Oversized T-shirts,White,04_coffee_personality.png,GOOD IDEAS START WITH COFFEE · BOMBAY COFFEE CLUB,"Front, centred, ~1 in below collar",,,
TRZ-COF-TEE-XXL,coffee-personality-oversized-tee,Coffee Personality — Premium Oversized Tee,XXL,2XL (confirm = XXL),Oversized T-shirts,White,04_coffee_personality.png,GOOD IDEAS START WITH COFFEE · BOMBAY COFFEE CLUB,"Front, centred, ~1 in below collar",,,
TRZ-BES-TEE-S,bestie-energy-oversized-tee,Bestie Energy — Premium Oversized Tee,S,S,Oversized T-shirts,White,05_bestie_energy.png,SHE KNOWS TOO MUCH. · THAT'S WHY SHE'S MY BESTIE.,"Front, centred, ~1 in below collar",,,
TRZ-BES-TEE-M,bestie-energy-oversized-tee,Bestie Energy — Premium Oversized Tee,M,M,Oversized T-shirts,White,05_bestie_energy.png,SHE KNOWS TOO MUCH. · THAT'S WHY SHE'S MY BESTIE.,"Front, centred, ~1 in below collar",,,
TRZ-BES-TEE-L,bestie-energy-oversized-tee,Bestie Energy — Premium Oversized Tee,L,L,Oversized T-shirts,White,05_bestie_energy.png,SHE KNOWS TOO MUCH. · THAT'S WHY SHE'S MY BESTIE.,"Front, centred, ~1 in below collar",,,
TRZ-BES-TEE-XL,bestie-energy-oversized-tee,Bestie Energy — Premium Oversized Tee,XL,XL,Oversized T-shirts,White,05_bestie_energy.png,SHE KNOWS TOO MUCH. · THAT'S WHY SHE'S MY BESTIE.,"Front, centred, ~1 in below collar",,,
TRZ-BES-TEE-XXL,bestie-energy-oversized-tee,Bestie Energy — Premium Oversized Tee,XXL,2XL (confirm = XXL),Oversized T-shirts,White,05_bestie_energy.png,SHE KNOWS TOO MUCH. · THAT'S WHY SHE'S MY BESTIE.,"Front, centred, ~1 in below collar",,,
TRZ-PET-TEE-S,pet-parent-oversized-tee,Pet Parent — Premium Oversized Tee,S,S,Oversized T-shirts,White,07_pet_parent.png,PET PARENT CLUB · PROUD MEMBER OF THE PET PARENT CLUB.,"Front, centred, ~1 in below collar",,,
TRZ-PET-TEE-M,pet-parent-oversized-tee,Pet Parent — Premium Oversized Tee,M,M,Oversized T-shirts,White,07_pet_parent.png,PET PARENT CLUB · PROUD MEMBER OF THE PET PARENT CLUB.,"Front, centred, ~1 in below collar",,,
TRZ-PET-TEE-L,pet-parent-oversized-tee,Pet Parent — Premium Oversized Tee,L,L,Oversized T-shirts,White,07_pet_parent.png,PET PARENT CLUB · PROUD MEMBER OF THE PET PARENT CLUB.,"Front, centred, ~1 in below collar",,,
TRZ-PET-TEE-XL,pet-parent-oversized-tee,Pet Parent — Premium Oversized Tee,XL,XL,Oversized T-shirts,White,07_pet_parent.png,PET PARENT CLUB · PROUD MEMBER OF THE PET PARENT CLUB.,"Front, centred, ~1 in below collar",,,
TRZ-PET-TEE-XXL,pet-parent-oversized-tee,Pet Parent — Premium Oversized Tee,XXL,2XL (confirm = XXL),Oversized T-shirts,White,07_pet_parent.png,PET PARENT CLUB · PROUD MEMBER OF THE PET PARENT CLUB.,"Front, centred, ~1 in below collar",,,
TRZ-CAM-TEE-S,campus-energy-oversized-tee,Campus Energy — Premium Oversized Tee,S,S,Oversized T-shirts,White,08_campus_energy.png,ATTENDANCE IS A SUGGESTION · CAMPUS DAYS • FOREVER,"Front, centred, ~1 in below collar",,,
TRZ-CAM-TEE-M,campus-energy-oversized-tee,Campus Energy — Premium Oversized Tee,M,M,Oversized T-shirts,White,08_campus_energy.png,ATTENDANCE IS A SUGGESTION · CAMPUS DAYS • FOREVER,"Front, centred, ~1 in below collar",,,
TRZ-CAM-TEE-L,campus-energy-oversized-tee,Campus Energy — Premium Oversized Tee,L,L,Oversized T-shirts,White,08_campus_energy.png,ATTENDANCE IS A SUGGESTION · CAMPUS DAYS • FOREVER,"Front, centred, ~1 in below collar",,,
TRZ-CAM-TEE-XL,campus-energy-oversized-tee,Campus Energy — Premium Oversized Tee,XL,XL,Oversized T-shirts,White,08_campus_energy.png,ATTENDANCE IS A SUGGESTION · CAMPUS DAYS • FOREVER,"Front, centred, ~1 in below collar",,,
TRZ-CAM-TEE-XXL,campus-energy-oversized-tee,Campus Energy — Premium Oversized Tee,XXL,2XL (confirm = XXL),Oversized T-shirts,White,08_campus_energy.png,ATTENDANCE IS A SUGGESTION · CAMPUS DAYS • FOREVER,"Front, centred, ~1 in below collar",,,
TRZ-DES-TEE-S,desi-roots-oversized-tee,Desi Roots — Premium Oversized Tee,S,S,Oversized T-shirts,White,09_desi_roots.png,माझी मुंबई · SAME ROOTS. NEW STORIES.,"Front, centred, ~1 in below collar",,,
TRZ-DES-TEE-M,desi-roots-oversized-tee,Desi Roots — Premium Oversized Tee,M,M,Oversized T-shirts,White,09_desi_roots.png,माझी मुंबई · SAME ROOTS. NEW STORIES.,"Front, centred, ~1 in below collar",,,
TRZ-DES-TEE-L,desi-roots-oversized-tee,Desi Roots — Premium Oversized Tee,L,L,Oversized T-shirts,White,09_desi_roots.png,माझी मुंबई · SAME ROOTS. NEW STORIES.,"Front, centred, ~1 in below collar",,,
TRZ-DES-TEE-XL,desi-roots-oversized-tee,Desi Roots — Premium Oversized Tee,XL,XL,Oversized T-shirts,White,09_desi_roots.png,माझी मुंबई · SAME ROOTS. NEW STORIES.,"Front, centred, ~1 in below collar",,,
TRZ-DES-TEE-XXL,desi-roots-oversized-tee,Desi Roots — Premium Oversized Tee,XXL,2XL (confirm = XXL),Oversized T-shirts,White,09_desi_roots.png,माझी मुंबई · SAME ROOTS. NEW STORIES.,"Front, centred, ~1 in below collar",,,
