SKU,Shopify handle,Product,Size,Production master,Artwork text (verify on proof),Placement,Supplier product ref,Supplier variant ref,Mockup saved (artwork/mockups/…)
TRZ-MUM-TOT,mumbai-made-tote,Mumbai Made — Everyday Tote,,01_mumbai_made.png,MUMBAI MADE · EST. 1995 · BUILT HERE. WORN EVERYWHERE.,"One side, centred",,,
TRZ-MUM-TMB,mumbai-made-tumbler,Mumbai Made — 20oz Tumbler,,01_mumbai_made.png,MUMBAI MADE · EST. 1995 · BUILT HERE. WORN EVERYWHERE.,"Wrap, design centred on front face",,,
TRZ-LOC-TOT,local-life-tote,Local Life — Everyday Tote,,02_local_life.png,LOCAL LEGEND · MUMBAI · DIFFERENT STATION. SAME STORY.,"One side, centred",,,
TRZ-LOC-TMB,local-life-tumbler,Local Life — 20oz Tumbler,,02_local_life.png,LOCAL LEGEND · MUMBAI · DIFFERENT STATION. SAME STORY.,"Wrap, design centred on front face",,,
TRZ-COR-TOT,corporate-survivor-tote,Corporate Survivor — Everyday Tote,,03_corporate_survivor.png,THIS MEETING COULD HAVE BEEN AN EMAIL. · CORPORATE SURVIVOR,"One side, centred",,,
TRZ-COR-TMB,corporate-survivor-tumbler,Corporate Survivor — 20oz Tumbler,,03_corporate_survivor.png,THIS MEETING COULD HAVE BEEN AN EMAIL. · CORPORATE SURVIVOR,"Wrap, design centred on front face",,,
TRZ-COF-TOT,coffee-personality-tote,Coffee Personality — Everyday Tote,,04_coffee_personality.png,GOOD IDEAS START WITH COFFEE · BOMBAY COFFEE CLUB,"One side, centred",,,
TRZ-COF-TMB,coffee-personality-tumbler,Coffee Personality — 20oz Tumbler,,04_coffee_personality.png,GOOD IDEAS START WITH COFFEE · BOMBAY COFFEE CLUB,"Wrap, design centred on front face",,,
TRZ-BES-TOT,bestie-energy-tote,Bestie Energy — Everyday Tote,,05_bestie_energy.png,SHE KNOWS TOO MUCH. · THAT'S WHY SHE'S MY BESTIE.,"One side, centred",,,
TRZ-BES-TMB,bestie-energy-tumbler,Bestie Energy — 20oz Tumbler,,05_bestie_energy.png,SHE KNOWS TOO MUCH. · THAT'S WHY SHE'S MY BESTIE.,"Wrap, design centred on front face",,,
TRZ-PET-TOT,pet-parent-tote,Pet Parent — Everyday Tote,,07_pet_parent.png,PET PARENT CLUB · PROUD MEMBER OF THE PET PARENT CLUB.,"One side, centred",,,
TRZ-PET-TMB,pet-parent-tumbler,Pet Parent — 20oz Tumbler,,07_pet_parent.png,PET PARENT CLUB · PROUD MEMBER OF THE PET PARENT CLUB.,"Wrap, design centred on front face",,,
TRZ-CAM-TOT,campus-energy-tote,Campus Energy — Everyday Tote,,08_campus_energy.png,ATTENDANCE IS A SUGGESTION · CAMPUS DAYS • FOREVER,"One side, centred",,,
TRZ-CAM-TMB,campus-energy-tumbler,Campus Energy — 20oz Tumbler,,08_campus_energy.png,ATTENDANCE IS A SUGGESTION · CAMPUS DAYS • FOREVER,"Wrap, design centred on front face",,,
TRZ-DES-TOT,desi-roots-tote,Desi Roots — Everyday Tote,,09_desi_roots.png,माझी मुंबई · SAME ROOTS. NEW STORIES.,"One side, centred",,,
TRZ-DES-TMB,desi-roots-tumbler,Desi Roots — 20oz Tumbler,,09_desi_roots.png,माझी मुंबई · SAME ROOTS. NEW STORIES.,"Wrap, design centred on front face",,,
