handle,doba_cost_usd,doba_shipping_usd,doba_product_url,supplier,checked_on,notes
suv-tailgate-tent,,,https://www.doba.com/product/jAqdKQyGwobR/dropshipping-vevor-suv-camping-tent-8-8-suv-tent-attachment-for-camping-with-rain-layer-and-carry-bag-pu2000mm-double-layer-truck-tent-accommodate-6-8-person-rear-tent-for-van-hatch-tailgate.html,VEVOR,,
camp-kitchen-table,,,https://www.doba.com/product/eAqMCSIvJoVj/dropshipping-vevor-camping-kitchen-table-one-piece-folding-portable-cook-station-with-a-carrying-bag-aluminum-camping-table-4-iron-side-tables-2-shelves-ideal-for-outdoor-picnics-bbqs-camping-rv-traveling.html,VEVOR,,
12v-car-fridge-40l,,,https://www.doba.com/product/iYbHoVDyuJvj/dropshipping-vevor-portable-car-refrigerator-freezer-compressor-40-l-single-zone-for-car-home.html,VEVOR,,
reclining-camp-chair,,,https://www.doba.com/product/URqpKWPBCFVQ/dropshipping-vevor-camping-chair-hammock-chair-300-lbs-load-capacity-hammock-folding-chair.html,VEVOR,,
folding-cot-with-mattress,,,https://www.doba.com/product/UIQRqoPFhCVi/dropshipping-camping-cot-with-mattress-carry-bag-cots-for-sleepingcamping-bed-folding-cot-for-office-home-outdoor-travel.html,,,
canvas-bell-tent-5m,,,https://www.doba.com/product/sLDhJjVfGcbq/dropshipping-vevor-8-10-person-canvas-glamping-bell-tent-breathable-waterproof-yurt-tent-with-stove-jack-and-detachable-side-wall-for-family-camping16x16x118diameter-5m.html,VEVOR,,
tent-wood-stove,,,https://www.doba.com/dropshipping/Camping.html,VEVOR,,
collapsible-wagon,,,https://www.doba.com/product/AjvkKeFEqCbE/dropshipping-collapsible-foldable-wagon-cart-beach-wagon-heavy-duty-utility-cart-utility-wagon-grocery-cart-for-for-camping-shopping-sports-gardeing-fishing-supports-225lbs-all-terrain-wheels-green.html,,,
rechargeable-lantern-power-bank,,,https://www.doba.com/dropshipping/lantern-camp.html,,,
pop-up-privacy-tent,,,https://www.doba.com/product/uODZFeLNRYVQ/dropshipping-pop-up-privacy-tent-foldable-outdoor-shower-toilet-tent-portable-clothes-changing-room-camping-shelter-with-carry-bag-for-camping-hiking-beach-picnic.html,,,
vehicle-side-awning-270,,,https://www.doba.com/dropshipping/car-tent-canopy.html,VEVOR,,
portable-power-station-300w,,,https://www.doba.com/product/jhqWeASpGYvO/dropshipping-300w-portable-power-station-70200mah-ac-car-solar-generator-backup-energy-storage-battery-for-outdoor-camping-travel-emergency-support-wireless-charging-fast-charging-lighting-digital-display.html,,,
foldable-solar-panel-100w,,,https://www.doba.com/dropshipping/solar-panel.html,,,
cold-weather-sleeping-bag,,,https://www.doba.com/dropshipping/outdoor-sleeping-bags.html,,,
camp-cookware-set,,,https://www.doba.com/category/TjbPVCJEvoDn/dropshipping-camping-cookware.html,,,
portable-propane-water-heater,,,https://www.doba.com/dropshipping/water-heater.html,,,
portable-fire-pit,,,https://www.doba.com/dropshipping/outdoor-fire-pit.html,,,
camping-hatchet-set,,,https://www.doba.com/product/wqbgFWYorCvf/dropshipping-camping-hatchet-machete-knife-set-sheath-hunting-knife-flashlight-paracord.html,VEVOR,,
portable-camp-toilet,,,https://www.doba.com/dropshipping/camp-portable-toilet.html,,,
collapsible-water-jug,,,https://www.doba.com/dropshipping/Camping.html,,,
camp-side-table,,,https://www.doba.com/dropshipping/foldable-camp-table_4.html,,,
camping-hammock-chair-pair,,,https://www.doba.com/product/URqpKWPBCFVQ/dropshipping-vevor-camping-chair-hammock-chair-300-lbs-load-capacity-hammock-folding-chair.html,VEVOR,,
truck-bed-tent,,,https://www.doba.com/dropshipping/camp-tent.html,VEVOR,,
camp-storage-box,,,https://www.doba.com/dropshipping/Camping-Equipment_3.html,VEVOR,,
propane-tent-heater,,,https://www.doba.com/dropshipping/outdoor-gas-heater.html,,,
camping-fan-lantern,,,https://www.doba.com/dropshipping-supplier/tHvkbcJtFQVs/products,VEVOR,,
suv-air-mattress,,,https://www.doba.com/dropshipping/Camping.html,,,
hammock-with-stand,,,https://www.doba.com/dropshipping/outdoor-camp.html,,,
headlamp-two-pack,,,https://www.doba.com/category/ZuVpDCPCoJbq/dropshipping-lights-lanterns.html,,,
camp-kitchen-table-windscreen,,,https://www.doba.com/dropshipping/outdoor-kitchen.html,VEVOR,,
