Rank,Decision,Product,Category,Mission,Persona,Supplier,Brand,Doba SKU,Doba Item No,UPC,Exact Doba URL,Doba cost (USD),Cost source,Doba MSRP (derived),Variant,Free shipping,Shipping cost,Shipping method,Ships from,In-stock units (Doba warehouses),Processing time,Delivery estimate,Supplier fulfillment rate,Return window (days),Prohibited marketplaces,Market low,Market low at,Market URL,Market high,Recommended price,Price rule,Gross profit,Gross margin,Payment fees,Returns allowance,Discount allowance,Contribution,Contribution margin,Break-even CAC,Break-even ROAS,Contribution at market low,Score,Video available,Image score,Season,Events,Vehicle fit,Safety,Notes
1,HERO,SUV Tailgate Tent 8×8 ft (sleeps 6–8),Vehicle Shelter,Tailgate & SUV Camping | Family Campground Comfort,SUV/minivan family car camper,vevor,VEVOR,jAqdKQyGwobR,D0102HGJBJV,840281576142,https://www.doba.com/product/jAqdKQyGwobR/x.html,111.04,derived from Doba profit fields,152.11,Single,Yes (verified on listing),$0.00,Seller-Selected Shipping (Buyer Cannot Choose),United States,222,3 business days (avg 0.5),2-7 days,99.6%,30,Amazon; Temu; Walmart,136.90,VEVOR,https://www.vevor.com/truck-tent-c_11508/vevor-suv-camping-tent-8-8-suv-tent-attachment-for-camping-with-carry-bag-waterproof-pu2000mm-double-layer-truck-tent-accommodate-6-8-person-rear-tent-for-van-hatch-tailgate-p_010359774655,159.99,156.99,capped at market range (target not reachable),45.95,29.3%,4.85,7.85,3.14,30.11,19.2%,30.11,5.21,8.8%,86,No (none on Doba listing),4,Mar–Oct (peak May–Aug),Memorial Day | 4th of July | Labor Day | Black Friday / Cyber Monday | Father's Day,"SUVs, crossovers, minivans and hatchbacks with an upward-opening rear liftgate (sleeve wraps the open hatch). Not for swing-out doors.",,
,CORE,"Large SUV Tent 10.6×8 ft, all-season (5–9 people)",Vehicle Shelter,Tailgate & SUV Camping | Family Campground Comfort,Larger family / group car camper,vevor,VEVOR,WMKkQoJtTeqD,D01027R3V38,197988918585,https://www.doba.com/product/WMKkQoJtTeqD/x.html,136.19,derived from Doba profit fields,186.56,Single,Yes (verified on listing),$0.00,Seller-Selected Shipping (Buyer Cannot Choose),United States,104,3 business days (avg 0.7),2-7 days,99.6%,30,Amazon; Temu; Walmart,167.90,VEVOR / Best Buy,https://www.vevor.com/truck-tents-c_45132/vevor-large-suv-tent-for-5-9-person-10-6-x-8-ft-all-season-suv-tailgate-tent-with-ventilated-door-mesh-windows-pu3000mm-waterproof-dual-use-car-rear-hatch-tents-for-outdoor-camping-hiking-p_010884465180,196.99,192.99,capped at market range (target not reachable),56.80,29.4%,5.90,9.65,3.86,37.40,19.4%,37.40,5.16,8.8%,81,No (none on Doba listing),5,Mar–Nov,Memorial Day | 4th of July | Labor Day | Black Friday / Cyber Monday | Father's Day,SUVs/minivans with upward liftgate,,
,PHASE 2,"SUV Tent 10×9 ft, 3-season (6 people)",Vehicle Shelter,Tailgate & SUV Camping,Family car camper,vevor,VEVOR,dleDFrCjkKVa,D01027R6P1J,197988918103,https://www.doba.com/product/dleDFrCjkKVa/x.html,99.77,derived from Doba profit fields,136.67,Single,Yes (verified on listing),$0.00,Seller-Selected Shipping (Buyer Cannot Choose),United States,18,3 business days (avg null),2-7 days,99.6%,30,Amazon; Temu; Walmart,122.99,VEVOR,https://www.vevor.com/truck-tents-c_45132/vevor-large-suv-tent-for-6-person-10-x-9-ft-3-season-suv-tailgate-tent-with-ventilated-doors-mesh-windows-pu2000mm-waterproof-dual-use-car-rear-hatch-tents-for-outdoor-camping-hiking-p_010173834041,147.99,140.99,capped at market range (target not reachable),41.22,29.2%,4.39,7.05,2.82,26.97,19.1%,26.97,5.23,8.7%,71,No (none on Doba listing),5,Apr–Oct,Memorial Day | 4th of July | Labor Day,SUVs/minivans with upward liftgate,,Only 18 units in Doba stock; revisit when restocked
,PHASE 2,Inflatable SUV Tent with Awning 8×6.7 ft,Vehicle Shelter,Tailgate & SUV Camping,Convenience-first car camper,vevor,VEVOR,IFecQrCyBKDJ,D01027R6AH2,197988917137,https://www.doba.com/product/IFecQrCyBKDJ/x.html,195.48,derived from Doba profit fields,267.78,Single,Yes (verified on listing),$0.00,Seller-Selected Shipping (Buyer Cannot Choose),United States,17,3 business days (avg 0.5),2-7 days,99.6%,30,Amazon; Temu; Walmart,240.99,VEVOR,https://www.vevor.com/other-c_45583/vevor-inflatable-suv-tent-with-awning-8-x-6-7-ft-3-season-suv-tailgate-tent-with-ventilated-doors-mesh-window-pu2000mm-waterproof-car-rear-hatch-tents-for-outdoor-camping-air-pump-included-p_010761017628,290.99,276.99,capped at market range (target not reachable),81.51,29.4%,8.33,13.85,5.54,53.79,19.4%,53.79,5.15,8.9%,73,No (none on Doba listing),5,Apr–Oct,Memorial Day | 4th of July | Labor Day,SUVs/minivans with upward liftgate,,Only 17 units in stock; strongest video demo of the range
,REJECT,SUV Tent 13×10 ft (5–9 people),Vehicle Shelter,Tailgate & SUV Camping,—,vevor,(unbranded),iTCkeaYFSQVG,D01027EACST,197988925811,https://www.doba.com/product/iTCkeaYFSQVG/x.html,166.20,derived from Doba profit fields,227.67,Single,Yes (verified on listing),$0.00,Seller-Selected Shipping (Buyer Cannot Choose),United States,0,3 business days (avg null),2-7 days,99.6%,30,Amazon; Temu; Walmart,,,,,NaN,no market price,NaN,NaN%,NaN,NaN,NaN,NaN,NaN%,NaN,n/a,,61,No (none on Doba listing),4,—,,,,Out of stock on Doba (0 units)
,REJECT,Waterproof SUV Tent 5–6 person (non-VEVOR),Vehicle Shelter,Tailgate & SUV Camping,—,AOSOM,(unbranded),tPCjDFIfUevY,D010275XD06,673986260449,https://www.doba.com/product/tPCjDFIfUevY/x.html,86.89,derived from Doba profit fields,124.13,Single,Yes (verified on listing),$0.00,Seller-Selected Shipping (Buyer Cannot Choose),United States,13,3 business days (avg null),5-7 days,99.9%,30,Amazon,,,,,NaN,no market price,NaN,NaN%,NaN,NaN,NaN,NaN,NaN%,NaN,n/a,,55,No (none on Doba listing),4,—,,,,"13 units in stock, unbranded, no comparable retail price found; VEVOR listings preferred"
,CORE,Truck Bed Tent for 6.4–6.7 ft beds,Truck Bed Camping,Truck Bed Camping,Full-size pickup owner (standard bed),vevor,VEVOR,hODWVblfiFqe,D0102HPC8Y6,840281576128,https://www.doba.com/product/hODWVblfiFqe/x.html,76.97,derived from Doba profit fields,105.44,Single,Yes (verified on listing),$0.00,Seller-Selected Shipping (Buyer Cannot Choose),United States,255,3 business days (avg 0.8),2-7 days,99.6%,30,Amazon; Temu; Walmart,94.90,VEVOR,https://www.vevor.com/truck-tent-c_10954,102.99,102.99,capped at market range (target not reachable),26.02,25.3%,3.29,5.15,2.06,15.52,15.1%,15.52,6.64,8.7%,80,No (none on Doba listing),5,Apr–Oct,Memorial Day | 4th of July | Labor Day | Black Friday / Cyber Monday | Father's Day,"6.4–6.7 ft beds: e.g. Ford F-150 6.5 ft, Ram 1500 6.4 ft, Silverado/Sierra 1500 6.6 ft standard beds. Customer must measure bed (bulkhead to tailgate).",,
,REJECT,Truck Bed Tent for 5.5–6 ft beds,Truck Bed Camping,Truck Bed Camping,Short-bed pickup owner,vevor,VEVOR,LJDpCoyNePvc,D0102HGJYY7,840281576135,https://www.doba.com/product/LJDpCoyNePvc/x.html,69.67,derived from Doba profit fields,95.44,Single,Yes (verified on listing),$0.00,Seller-Selected Shipping (Buyer Cannot Choose),United States,1221,3 business days (avg 0.5),2-7 days,99.6%,30,Amazon; Temu; Walmart,73.99,Walmart,https://www.walmart.com/ip/VEVOR-Truck-Bed-Tent-5-5-6-Pickup-Truck-Tent-Rain-Layer-Carry-Bag-Waterproof-PU2000mm-Double-Layer-Truck-Tent-Camping-Accommodate-2-3-Person-for-Camp/16502462988,88.40,84.99,capped at market range (target not reachable),15.32,18.0%,2.76,4.25,1.70,6.60,7.8%,6.60,12.87,-4.5%,74,No (none on Doba listing),4,—,,"5.5–6 ft beds (F-150 5.5 ft, Ram 5.7 ft, Silverado 5.8 ft, Tacoma/Tundra 6 ft)",,"Doba cost $69.67 vs market low $73.99: contribution negative at market price. Highest stock (1,221) — revisit only if logged-in cost is lower."
,REJECT,Truck Bed Tent for 5.0–5.2 ft beds,Truck Bed Camping,Truck Bed Camping,Mid-size pickup owner,vevor,VEVOR,sKFwDGSFheqO,D010275RVQP,197988838623,https://www.doba.com/product/sKFwDGSFheqO/x.html,98.87,derived from Doba profit fields,135.44,Single,Yes (verified on listing),$0.00,Seller-Selected Shipping (Buyer Cannot Choose),United States,81,3 business days (avg 0.6),2-7 days,99.6%,30,Amazon; Temu; Walmart,92.90,VEVOR,https://www.vevor.com/truck-tents-c_45132,121.90,105.99,capped at market range (target not reachable),7.12,6.7%,3.37,5.30,2.12,-3.68,-3.5%,-3.68,n/a,-16.7%,61,No (none on Doba listing),5,—,,5.0–5.2 ft beds (Tacoma/Colorado/Ranger short beds),,Derived cost $98.87 is above the $92.90 VEVOR retail price
,REJECT,Truck Bed Tent for 8.0–8.2 ft beds,Truck Bed Camping,Truck Bed Camping,Long-bed / work-truck owner,vevor,VEVOR,srFmbEdZhKDM,D010275RVL2,197988655749,https://www.doba.com/product/srFmbEdZhKDM/x.html,150.79,derived from Doba profit fields,206.56,Single,Yes (verified on listing),$0.00,Seller-Selected Shipping (Buyer Cannot Choose),United States,74,3 business days (avg 0.7),2-7 days,99.6%,30,Amazon; Temu; Walmart,155.00,Home Depot,https://www.homedepot.com/,195.99,177.99,capped at market range (target not reachable),27.20,15.3%,5.46,8.90,3.56,9.28,5.2%,9.28,19.17,-7.4%,63,No (none on Doba listing),3,—,,8 ft long beds,,Cost $150.79 vs $155 retail: no margin
,HERO,Car Side Awning 6.6×8.2 ft,Vehicle Shelter,Shade & Day Basecamp | Tailgate & SUV Camping | Truck Bed Camping,Overlanding-curious SUV/truck owner,vevor,VEVOR,mcVLbJdSnFDj,D0102HPBRG8,197988267713,https://www.doba.com/product/mcVLbJdSnFDj/x.html,106.99,derived from Doba profit fields,146.56,Single,Yes (verified on listing),$0.00,Seller-Selected Shipping (Buyer Cannot Choose),United States,263,3 business days (avg 0.5),2-7 days,99.6%,30,Amazon; Temu; Walmart,131.90,VEVOR,https://www.vevor.com/awning-c_12491/vevor-car-side-awning-large-6-6-x-8-2-shade-coverage-vehicle-awning-pu3000mm-uv50-retractable-car-awning-with-waterproof-storage-bag-height-adjustable-suitable-for-truck-suv-van-campers-p_010582913386,155.99,150.99,capped at market range (target not reachable),44.00,29.1%,4.68,7.55,3.02,28.76,19.0%,28.76,5.25,8.8%,82,No (none on Doba listing),4,Apr–Sep,Memorial Day | 4th of July | Labor Day | Father's Day,Requires roof rack crossbars or rails; mounting brackets included per listing. Customer must confirm rack load rating.,,
,CORE,Vehicle Awning 10×7 ft,Vehicle Shelter,Shade & Day Basecamp | Truck Bed Camping,SUV/truck owner wanting more shade,vevor,VEVOR,ywvPVcNinQDa,D0102HPBR22,197988264682,https://www.doba.com/product/ywvPVcNinQDa/x.html,76.97,derived from Doba profit fields,105.44,Single,Yes (verified on listing),$0.00,Seller-Selected Shipping (Buyer Cannot Choose),United States,151,3 business days (avg null),2-7 days,99.6%,30,Amazon; Temu; Walmart,94.90,VEVOR,https://www.vevor.com/awning-c_12491/vevor-vehicle-awning-large-10-x-7-shade-coverage-car-side-awning-pu2000mm-uv50-car-awning-with-extended-side-canopies-and-portable-storage-bag-suitable-for-truck-suv-van-campers-p_010515891156,114.99,108.99,capped at market range (target not reachable),32.02,29.4%,3.46,5.45,2.18,20.93,19.2%,20.93,5.21,8.7%,82,No (none on Doba listing),5,Apr–Sep,Memorial Day | 4th of July | Labor Day | Father's Day,Requires roof rack crossbars/rails,,
,PHASE 2,270° Awning 52 sq ft (driver side),Vehicle Shelter,Shade & Day Basecamp,Overlander,vevor,VEVOR,RiCWKQcyDFVf,D01027RNVP6,197988172185,https://www.doba.com/product/RiCWKQcyDFVf/x.html,223.79,derived from Doba profit fields,306.56,Single,Yes (verified on listing),$0.00,Seller-Selected Shipping (Buyer Cannot Choose),United States,65,3 business days (avg 0.5),2-7 days,99.6%,30,Amazon; Temu; Walmart,275.90,Best Buy,https://www.bestbuy.com/product/vevor-270-degree-awning-52-sq-ft-driver-side-vehicle-awning-waterproof-uv50-car-side-awnings-with-carry-bag-beige/JJGHKKVY74,289.90,288.99,capped at market range (target not reachable),65.20,22.6%,8.68,14.45,5.78,36.29,12.6%,36.29,7.96,8.9%,69,No (none on Doba listing),5,Apr–Sep,Memorial Day | 4th of July | Labor Day,Roof rack with rated load; driver-side mount,,Contribution ~13% at most; 65 units
,PHASE 2,270° Awning 133 sq ft (driver side),Vehicle Shelter,Shade & Day Basecamp,Overlander,vevor,VEVOR,GzFmQdovKevf,D01027RTQIT,197988173274,https://www.doba.com/product/GzFmQdovKevf/x.html,287.05,derived from Doba profit fields,393.22,Single,Yes (verified on listing),$0.00,Seller-Selected Shipping (Buyer Cannot Choose),United States,57,3 business days (avg null),2-7 days,99.6%,30,Amazon; Temu; Walmart,353.90,Best Buy,https://www.bestbuy.com/product/vevor-270-degree-awning-133-sq-ft-driver-side-vehicle-awning-waterproof-uv50-car-side-awnings-with-carry-bag-beige/JJGHKKVL5P/sku/12108076,369.90,368.99,capped at market range (target not reachable),81.94,22.2%,11.00,18.45,7.38,45.11,12.2%,45.11,8.18,8.9%,69,No (none on Doba listing),5,Apr–Sep,Memorial Day | 4th of July | Labor Day,Heavy-duty roof rack required,,~12% contribution; $353.90 ticket raises CAC
,CORE,Canvas Bell Tent 3 m with stove jack,Basecamp Tents,Bell Tent Glamping | Cold-Weather Hot Tent,Couple glamper / hunter,vevor,VEVOR,TZqbFWPfweVi,D0102HS0AFP,197988630395,https://www.doba.com/product/TZqbFWPfweVi/x.html,197.83,derived from Doba profit fields,271.00,Single,Yes (verified on listing),$0.00,Seller-Selected Shipping (Buyer Cannot Choose),United States,234,3 business days (avg null),2-7 days,99.6%,30,Amazon; Temu; Walmart,243.90,VEVOR / Wayfair,https://www.vevor.com/yurt-tent-c_10246/4-season3-m-9-8ft-waterproof-cotton-canvas-bell-tent-with-zipped-ground-sheet-p_010432929912,296.00,279.99,capped at market range (target not reachable),82.16,29.3%,8.42,14.00,5.60,54.14,19.3%,54.14,5.17,8.9%,83,No (none on Doba listing),5,Year-round (peak Sep–Nov for hot tent),Labor Day | Black Friday / Cyber Monday | Christmas gifting | Memorial Day,,Stove use only with the included stove jack and a heat shield; recommend CO alarm.,
,REJECT,Canvas Bell Tent 4 m,Basecamp Tents,Bell Tent Glamping,Family glamper,vevor,VEVOR,mzqdDYNFkQvb,D0102HPBRDX,197988631484,https://www.doba.com/product/mzqdDYNFkQvb/x.html,260.29,derived from Doba profit fields,356.56,Single,Yes (verified on listing),$0.00,Seller-Selected Shipping (Buyer Cannot Choose),United States,274,3 business days (avg null),2-7 days,99.6%,30,Amazon; Temu; Walmart,243.90,Wayfair,https://www.wayfair.com/outdoor/pdp/vevor-canvas-bell-tent-4-season-camping-yurt-tent-with-stove-jack-fxnu4020.html,330.99,279.99,capped at market range (target not reachable),19.70,7.0%,8.42,14.00,5.60,-8.31,-3.0%,-8.31,n/a,-16.7%,77,No (none on Doba listing),5,—,,,,Derived cost $260 exceeds the $243.90 market low
,PHASE 2,Canvas Bell Tent 5 m,Basecamp Tents,Bell Tent Glamping,Group glamper,vevor,VEVOR,mVDgvoIQuQbP,D0102HPBR8J,197988818397,https://www.doba.com/product/mVDgvoIQuQbP/x.html,320.31,derived from Doba profit fields,438.78,Single,Yes (verified on listing),$0.00,Seller-Selected Shipping (Buyer Cannot Choose),United States,479,3 business days (avg null),2-7 days,99.6%,30,Amazon; Temu; Walmart,390.90,VEVOR,https://www.vevor.com/yurt-tent-c_10246/4-season-waterproof-cotton-canvas-bell-tent-large-family-camp-hunting-yurt-tents-p_010312030446,394.90,393.99,capped at market range (target not reachable),73.68,18.7%,11.73,19.70,7.88,34.38,8.7%,34.38,11.46,8.1%,73,No (none on Doba listing),5,Year-round,Labor Day | Black Friday / Cyber Monday | Christmas gifting,,,~9% contribution at market; 479 units in stock
,REJECT,Canvas Bell Tent 6 m,Basecamp Tents,Bell Tent Glamping,Event / group,vevor,VEVOR,LGCgDElSSFVQ,D010275RVF8,197988632337,https://www.doba.com/product/LGCgDElSSFVQ/x.html,410.34,derived from Doba profit fields,562.11,Single,Yes (verified on listing),$0.00,Seller-Selected Shipping (Buyer Cannot Choose),United States,84,3 business days (avg null),2-7 days,99.6%,30,Amazon; Temu; Walmart,487.99,Best Buy,https://www.bestbuy.com/product/vevor-canvas-bell-tent-4-seasons-6-m-19-68-ft-yurt-tent-canvas-tent-for-camping-with-stove-jack-tent-holds-up-to-10-people-beige/JJGHK4G2FQ,505.90,504.99,capped at market range (target not reachable),94.65,18.7%,14.94,25.25,10.10,44.35,8.8%,44.35,11.39,6.0%,60,No (none on Doba listing),5,—,,,,"~9% at most; $488+ ticket, 84 units"
,PHASE 2,Oxford Bell Tent 3 m with stove jack (non-canvas),Basecamp Tents,Bell Tent Glamping | Cold-Weather Hot Tent,Budget glamper,vevor,(unbranded),zoCtFfJimeDn,D01027EAVLP,197988926122,https://www.doba.com/product/zoCtFfJimeDn/x.html,141.13,derived from Doba profit fields,193.33,Single,Yes (verified on listing),$0.00,Seller-Selected Shipping (Buyer Cannot Choose),United States,101,3 business days (avg 0.5),2-7 days,99.6%,30,Amazon; Temu; Walmart,173.99,Best Buy,https://www.bestbuy.com/product/vevor-oxford-bell-tent-4-seasons-9-84-ft-yurt-tent-for-camping-with-stove-jack-waterproof-breathable-holds-up-to-3-people-light-beige/JJGHK4R6XZ,193.99,193.99,capped at market range (target not reachable),52.86,27.2%,5.93,9.70,3.88,33.35,17.2%,33.35,5.82,8.8%,75,No (none on Doba listing),4,Year-round,Labor Day | Black Friday / Cyber Monday | Christmas gifting,,,~17% contribution at the Best Buy comp; 101 units
,REJECT,2-Person Hot Tent with Stove Jack,Basecamp Tents,Cold-Weather Hot Tent,Hunter / winter camper,vevor,VEVOR,VHQdbfWOFovj,D01027HHLDW,197988696209,https://www.doba.com/product/VHQdbfWOFovj/x.html,80.22,derived from Doba profit fields,109.89,Single,Yes (verified on listing),$0.00,Seller-Selected Shipping (Buyer Cannot Choose),United States,253,3 business days (avg null),2-7 days,99.6%,30,Amazon; Temu; Walmart,80.90,VEVOR,https://www.vevor.com/yurt-tent-c_10246/vevor-cabin-hot-tent-with-stove-jack-lightweight-waterproof-2-persons-camping-p_010139824325,89.99,89.99,capped at market range (target not reachable),9.77,10.9%,2.91,4.50,1.80,0.56,0.6%,0.56,160.10,-9.4%,67,No (none on Doba listing),4,—,,,,Cost $80.22 vs $80.90 retail: no margin
,REJECT,Screen House 10×9.2 ft,Basecamp Tents,Shade & Day Basecamp | Family Campground Comfort,Family camper,vevor,VEVOR,VjQtvcrBeJDC,D0102X33JBU,197988177845,https://www.doba.com/product/VjQtvcrBeJDC/x.html,99.69,derived from Doba profit fields,136.56,Single,Yes (verified on listing),$0.00,Seller-Selected Shipping (Buyer Cannot Choose),United States,582,3 business days (avg null),2-7 days,99.6%,30,Amazon; Temu; Walmart,92.99,Best Buy,https://www.bestbuy.com/product/vevor-screen-house-tent-10-x-9-2-ft-4-8-person-pop-up-screen-tent-portable-screened-in-canopy-with-carry-bag-netting-sides-beige/JJGHKKVYVQ,122.90,105.99,capped at market range (target not reachable),6.30,5.9%,3.37,5.30,2.12,-4.49,-4.2%,-4.49,n/a,-17.4%,68,No (none on Doba listing),4,—,,,,Cost $99.69 above $92.99 market low
,BUNDLE ONLY,Screen House 6×6 ft pop-up,Basecamp Tents,Shade & Day Basecamp,Couple / beach,vevor,VEVOR,qICevaBRVPDN,D01027HHL7Y,197988178934,https://www.doba.com/product/qICevaBRVPDN/x.html,68.05,derived from Doba profit fields,93.22,Single,Yes (verified on listing),$0.00,Seller-Selected Shipping (Buyer Cannot Choose),United States,625,3 business days (avg 0.7),2-7 days,99.6%,30,Amazon; Temu; Walmart,79.71,Walmart,https://www.walmart.com/ip/VEVOR-Screen-House-Tent-6-x-6-ft-4-6-Person-Pop-Screen-Tent-Portable-Screened-Canopy-Carry-Bag-Netting-Sides-Ground-Stakes-Garden-Patio-Backyard-Outd/18999617053,88.90,87.99,capped at market range (target not reachable),19.94,22.7%,2.85,4.40,1.76,10.93,12.4%,10.93,8.05,4.3%,68,No (none on Doba listing),3,Apr–Sep,Memorial Day | 4th of July | Labor Day,,,~13% max contribution; sell inside Shade setup only
,TEST,4-Person Instant Cabin Tent,Basecamp Tents,Family Campground Comfort,First-time family camper,vevor,VEVOR,ALeNDqBWGovE,D01027HIZA7,197988924968,https://www.doba.com/product/ALeNDqBWGovE/x.html,111.04,derived from Doba profit fields,152.11,Single,Yes (verified on listing),$0.00,Seller-Selected Shipping (Buyer Cannot Choose),United States,0,3 business days (avg null),2-7 days,99.6%,30,Amazon; Temu; Walmart,136.90,VEVOR,https://www.vevor.com/other-c_45583/vevor-camping-tent-4-person-pop-up-instant-cabin-tent-with-large-mesh-windows-60-seconds-easy-setup-portable-cabin-hub-tents-with-carry-bag-for-family-outdoor-camping-hiking-upgraded-ventilation-p_010230420738,,156.99,capped at market range (target not reachable),45.95,29.3%,4.85,7.85,3.14,30.11,19.2%,30.11,5.21,8.8%,70,No (none on Doba listing),2,Apr–Sep,Memorial Day | 4th of July | Labor Day,,,
,TEST,4-Person Inflatable Cabin Tent with pump,Basecamp Tents,Family Campground Comfort,Convenience camper,vevor,(unbranded),hMCFetooyKbq,D01027EAVPP,197988923633,https://www.doba.com/product/hMCFetooyKbq/x.html,121.59,derived from Doba profit fields,166.56,Single,Yes (verified on listing),$0.00,Seller-Selected Shipping (Buyer Cannot Choose),United States,129,3 business days (avg null),2-7 days,99.6%,30,Amazon; Temu; Walmart,149.90,VEVOR,https://www.vevor.com/other-c_45583/vevor-camping-tent-4-person-inflatable-cabin-tent-with-rechargeable-pump-tpu-air-tube-5-large-mesh-windows-portable-easy-setup-waterproof-with-carry-bag-for-family-outdoor-camping-hiking-beige-p_010380686950,149.90,148.99,capped at market range (target not reachable),27.40,18.4%,4.62,7.45,2.98,12.35,8.3%,12.35,12.06,8.8%,69,No (none on Doba listing),4,Apr–Sep,Memorial Day | 4th of July | Labor Day,,,
,REJECT,Hard-Shell Rooftop Tent,Vehicle Shelter,Tailgate & SUV Camping | Truck Bed Camping,—,vevor,VEVOR,cGKveqogJQbH,D01027R8FZT,197988180968,https://www.doba.com/product/cGKveqogJQbH/x.html,1265.25,derived from Doba profit fields,1733.22,Single,Yes (verified on listing),$0.00,Seller-Selected Shipping (Buyer Cannot Choose),United States,13,3 business days (avg null),2-7 days,99.6%,30,Amazon; Temu; Walmart,1149.99,Walmart,https://www.walmart.com/ip/VEVOR-Rooftop-Tent-Hard-Shell-2-3-Person-Aluminum-Roof-Top-Tent-Hardshell-Tri-Color-LED-Light-Thick-Mattress-Waterproof-Windproof-Overland-Camping-Ca/19402107202,1461.99,1321.99,capped at market range (target not reachable),56.74,4.3%,38.64,66.10,26.44,-74.44,-5.6%,-74.44,n/a,-19.9%,61,No (none on Doba listing),2,—,,,,"Cost $1,265 above $1,150 market; freight-damage risk"
,HERO,2-Person Folding Camping Cot with bedding,Sleep,Family Campground Comfort | Bell Tent Glamping | Tailgate & SUV Camping,Couple car camper,AOSOM,(unbranded),AoerVWdoEFvK,D010275HPRP,842525132961,https://www.doba.com/product/AoerVWdoEFvK/x.html,126.72,derived from Doba profit fields,181.03,Single,Yes (verified on listing),$0.00,Seller-Selected Shipping (Buyer Cannot Choose),United States,241,3 business days (avg 0.5),5-7 days,99.9%,30,Amazon,162.99,Aosom (Outsunny),https://www.wayfair.com/outdoor/pdp/outsunny-2-person-foldable-camping-cot-with-tent-bedspread-and-thick-air-mattress-4-in-1-elevated-camping-bed-tent-otsu1851.html,210.99,186.99,capped at market range (target not reachable),60.27,32.2%,5.72,9.35,3.74,41.45,22.2%,41.45,4.51,12.2%,85,No (none on Doba listing),4,Year-round,Memorial Day | 4th of July | Labor Day | Black Friday / Cyber Monday | Father's Day | Christmas gifting,,,AOSOM supplier (30% Doba rate)
,PHASE 2,Elevated Tent Cot (all-in-one),Sleep,Cold-Weather Hot Tent | Family Campground Comfort,Solo hunter / angler,AOSOM,(unbranded),WceHDgIyFCqQ,D010275HRVX,700729269060,https://www.doba.com/product/WceHDgIyFCqQ/x.html,98.28,derived from Doba profit fields,140.40,Single,Yes (verified on listing),$0.00,Seller-Selected Shipping (Buyer Cannot Choose),United States,219,3 business days (avg 0.5),5-7 days,99.9%,30,Amazon,117.99,AOSOM,https://www.aosom.com/,124.99,124.99,capped at market range (target not reachable),26.71,21.4%,3.92,6.25,2.50,14.04,11.2%,14.04,8.90,6.6%,71,No (none on Doba listing),5,Mar–Nov,Labor Day | Black Friday / Cyber Monday | Christmas gifting,,,~11% max contribution
,REJECT,75 in Heavy-Duty Cot with mattress,Sleep,Family Campground Comfort,—,Dizzo,(unbranded),MGQpDPkRwcVf,D0102X31YXY,,https://www.doba.com/product/MGQpDPkRwcVf/x.html,53.75,derived from Doba profit fields,68.91,Single,Yes (verified on listing),$0.00,Seller-Selected Shipping (Buyer Cannot Choose),United States,0,3 business days (avg 3),3-7 days,99.2%,30,,62.98,"Walmart (comparable 75"" 600 lb cot)",https://www.walmart.com/ip/75-Portable-Camping-Cot-600LBS-Max-Load-Extra-Wide-Thick-Mattress-1200-D-Layer-Oxford-Folding-Heavy-Duty-Bed-Mat-Carrying-Bag-Indoor-Outdoor-1-Set-Gr/12649567712,69.00,68.99,capped at market range (target not reachable),15.24,22.1%,2.30,3.45,1.38,8.11,11.8%,8.11,8.51,4.3%,61,Yes (listing video),5,—,,,,Out of stock (0)
,BUNDLE ONLY,Truck Bed Air Mattress 6–6.5 ft,Sleep,Truck Bed Camping,Pickup camper,vevor,VEVOR,mrVkDKNQvCbR,D0102HPCK08,197988460053,https://www.doba.com/product/mrVkDKNQvCbR/x.html,72.92,derived from Doba profit fields,99.89,Single,Yes (verified on listing),$0.00,Seller-Selected Shipping (Buyer Cannot Choose),United States,87,3 business days (avg 0.5),2-7 days,99.6%,30,Amazon; Temu; Walmart,86.68,Lowe's,https://www.lowes.com/pd/VEVOR-Truck-Bed-Air-Mattress-for-6-to-6-5-ft-Full-Size-Truck-Beds-Inflatable-Air-Mattress-Camping-Bed-with-12V-Air-Pump-2-Pillows-Carry-Bag-for-Chevrolet-Silverado-Dodge-Ram/5015163431,91.90,90.99,capped at market range (target not reachable),18.07,19.9%,2.94,4.55,1.82,8.76,9.6%,8.76,10.38,5.6%,70,No (none on Doba listing),5,Apr–Oct,Memorial Day | 4th of July | Labor Day,"6–6.5 ft full-size beds (F-150, Ram, Silverado standard beds); check wheel-well cutouts",,~10% contribution; sell in Truck Bed setup only
,REJECT,Truck Bed Air Mattress 5.5–5.8 ft,Sleep,Truck Bed Camping,—,vevor,VEVOR,zgvpqKSRbFDW,D0102HPCK6J,197988459064,https://www.doba.com/product/zgvpqKSRbFDW/x.html,54.26,derived from Doba profit fields,74.33,Single,Yes (verified on listing),$0.00,Seller-Selected Shipping (Buyer Cannot Choose),United States,141,3 business days (avg 0.5),2-7 days,99.6%,30,Amazon; Temu; Walmart,43.96,Home Depot,https://www.homedepot.com/p/VEVOR-Truck-Bed-Air-Mattress-for-5-5-5-8-ft-Full-Size-Short-Truck-Beds-Inflatable-Air-Mattress-Bed-with-Air-Pump-KCCQCD5558FTTKNM6V9/329504823,66.90,49.99,capped at market range (target not reachable),-4.27,-8.5%,1.75,2.50,1.00,-9.52,-19.0%,-9.52,n/a,-34.0%,72,No (none on Doba listing),5,—,,,,Cost $54.26 above $43.96 Home Depot price
,REJECT,20°F Mummy Sleeping Bag,Sleep,Cold-Weather Hot Tent,—,ManifeststoreLLC,(unbranded),KOFgeoYYQCvp,D01027RZ7M8,,https://www.doba.com/product/KOFgeoYYQCvp/x.html,85.45,derived from Doba profit fields,161.23,Single,Yes (verified on listing),$0.00,UPS,United States,0,3 business days (avg null),3-5 days,98.0%,30,,,,,,NaN,no market price,NaN,NaN%,NaN,NaN,NaN,NaN,NaN%,NaN,n/a,,57,No (none on Doba listing),1,—,,,,Out of stock (0)
,REJECT,One-Piece Folding Camp Kitchen Table,Camp Kitchen,Camp Kitchen,—,vevor,VEVOR,eAqMCSIvJoVj,D0102HGWYBG,840281576364,https://www.doba.com/product/eAqMCSIvJoVj/x.html,75.35,derived from Doba profit fields,103.22,Single,Yes (verified on listing),$0.00,Seller-Selected Shipping (Buyer Cannot Choose),United States,310,3 business days (avg 0.8),2-7 days,99.6%,30,Amazon; Temu; Walmart,65.99,VEVOR (promo),https://www.vevor.com/outdoor-camping-kitchen-c_43724,93.90,74.99,capped at market range (target not reachable),-0.36,-0.5%,2.47,3.75,1.50,-8.09,-10.8%,-8.09,n/a,-24.5%,74,No (none on Doba listing),5,—,,,,Cost $75.35 above $65.99 market low (was a hero in the previous list)
,REJECT,Camp Kitchen Table with cupboards,Camp Kitchen,Camp Kitchen,—,vevor,VEVOR,KbDWelSiocvI,D0102HGWYDY,840281576418,https://www.doba.com/product/KbDWelSiocvI/x.html,99.69,derived from Doba profit fields,136.56,Single,Yes (verified on listing),$0.00,Seller-Selected Shipping (Buyer Cannot Choose),United States,507,3 business days (avg null),2-7 days,99.6%,30,Amazon; Temu; Walmart,87.99,Home Depot,https://www.homedepot.com/p/VEVOR-Camping-Kitchen-Table-Folding-Outdoor-Cooking-Table-with-Storage-Carrying-Bag-Aluminum-Cook-Station-3-Cupboard-Black-DFBKYDCFHSHSBD243V0-0816/332235421,136.90,100.99,capped at market range (target not reachable),1.30,1.3%,3.23,5.05,2.02,-8.99,-8.9%,-8.99,n/a,-23.5%,74,No (none on Doba listing),5,—,,,,Cost $99.69 above $87.99 market low
,PHASE 2,"2-Burner Propane Stove 150,000 BTU with legs",Camp Kitchen,Camp Kitchen,Group camp cook,vevor,VEVOR,CIQRKBYRleVF,D01027RZFC2,197988187172,https://www.doba.com/product/CIQRKBYRleVF/x.html,125.64,derived from Doba profit fields,172.11,Single,Yes (verified on listing),$0.00,Seller-Selected Shipping (Buyer Cannot Choose),United States,195,3 business days (avg 0.5),2-7 days,99.6%,30,Amazon; Temu; Walmart,154.90,VEVOR / Best Buy,https://www.vevor.com/outdoor-gas-stove-c_43477/vevor-2-burner-outdoor-propane-gas-stove-150-000-btu-propane-lpg-gas-camping-stove-foldable-heavy-duty-carbon-steel-outdoor-cooker-with-wheels-shield-20-psi-regulator-for-bbq-camp-home-patio-p_010769011541,154.90,153.99,capped at market range (target not reachable),28.35,18.4%,4.77,7.70,3.08,12.80,8.3%,12.80,12.03,8.8%,67,No (none on Doba listing),2,Apr–Oct,Memorial Day | 4th of July | Labor Day,,MANUAL REVIEW: propane appliance. No CSA/ANSI certification shown on the Doba listing; request certificate from supplier before listing. Outdoor use only; no indoor/tent-use claims.,~9% at market; gas compliance unverified
,CORE,Folding Campfire Grill 22 in,Camp Kitchen,Camp Kitchen | Family Campground Comfort,Campfire cook,vevor,VEVOR,hTqwPGDooYVc,D0102HQ44UV,840349921921,https://www.doba.com/product/hTqwPGDooYVc/x.html,27.50,derived from Doba profit fields,37.67,Single,Yes (verified on listing),$0.00,Seller-Selected Shipping (Buyer Cannot Choose),United States,1108,3 business days (avg 0.5),2-7 days,99.6%,30,Amazon; Temu; Walmart,32.90,VEVOR,https://www.vevor.com/commercial-outdoor-grills-c_10585/vevor-folding-campfire-grill-heavy-duty-steel-mesh-grate-22-4-portable-camping-grates-over-fire-pit-camp-fire-cooking-equipment-with-legs-carrying-bag-grilling-rack-for-outdoor-open-flame-cooking-p_010715205358,39.08,36.99,capped at market range (target not reachable),9.49,25.7%,1.37,1.85,0.74,5.53,15.0%,5.53,6.69,5.6%,74,No (none on Doba listing),3,Year-round,Memorial Day | 4th of July | Labor Day | Black Friday / Cyber Monday | Father's Day,,Fire use: include campfire safety guidance; no certification claims.,Low ticket; best in bundles
,BUNDLE ONLY,Collapsible Storage Bins 65 L (2-pack),Comfort & Haul,Camp Kitchen | Tailgate & SUV Camping | Family Campground Comfort,Organized car camper,vevor,VEVOR,ftFwKLcOQCDJ,D01027E7TCT,197988187981,https://www.doba.com/product/ftFwKLcOQCDJ/x.html,35.61,derived from Doba profit fields,48.78,Single,Yes (verified on listing),$0.00,Seller-Selected Shipping (Buyer Cannot Choose),United States,390,3 business days (avg 0.5),2-7 days,99.6%,30,Amazon; Temu; Walmart,43.90,VEVOR,https://www.vevor.com/folding-plastic-crate-c_44010/vevor-plastic-collapsible-storage-bins-with-lids-65l-2-packs-stackable-folding-storage-crates-with-handles-holds-84-lbs-per-bin-heavy-duty-containers-space-saving-baskets-for-home-organizing-p_010446778267,43.90,42.99,capped at market range (target not reachable),7.38,17.2%,1.55,2.15,0.86,2.83,6.6%,2.83,15.21,8.3%,62,No (none on Doba listing),2,Year-round,Memorial Day | 4th of July | Labor Day | Black Friday / Cyber Monday | Father's Day,,,~8% contribution; add-on only
,HERO,12V Car Fridge 20 L (21 qt),Cooling,Off-Grid Power & Cooling | Tailgate & SUV Camping | Truck Bed Camping,Weekend road-tripper,vevor,(unbranded),zDQmFaJcfKvl,D01027EAJS6,197988371816,https://www.doba.com/product/zDQmFaJcfKvl/x.html,121.59,derived from Doba profit fields,166.56,Single,Yes (verified on listing),$0.00,Seller-Selected Shipping (Buyer Cannot Choose),United States,185,3 business days (avg null),2-7 days,99.6%,30,Amazon; Temu; Walmart,165.90,Best Buy,https://www.bestbuy.com/product/vevor-12-volt-refrigerator-21-1-qt-20l-car-fridge-portable-ultra-light-epp-freezer-app-control-electric-compressor-gray/JJGHKZ6F6Q/sku/12644699,179.99,179.99,capped at market range (target not reachable),58.40,32.4%,5.52,9.00,3.60,40.29,22.4%,40.29,4.47,16.6%,86,No (none on Doba listing),4,Apr–Sep (gift Nov–Dec),Memorial Day | 4th of July | Labor Day | Black Friday / Cyber Monday | Father's Day | Christmas gifting,12/24V car socket; fits most SUV cargo areas and truck cabs,,
,REJECT,12V Car Fridge 40 L EPP,Cooling,Off-Grid Power & Cooling | Tailgate & SUV Camping,—,vevor,VEVOR,rFCeqVBBpJbf,D01027HI8AV,197988372905,https://www.doba.com/product/rFCeqVBBpJbf/x.html,145.92,derived from Doba profit fields,199.89,Single,Yes (verified on listing),$0.00,Seller-Selected Shipping (Buyer Cannot Choose),United States,329,3 business days (avg null),2-7 days,99.6%,30,Amazon; Temu; Walmart,152.90,Best Buy,https://www.bestbuy.com/product/vevor-12-volt-refrigerator-42-3-qt-40l-car-fridge-portable-ultra-light-epp-freezer-app-control-electric-compressor-gray/JJGHKZ6FQ2/sku/12644593,199.99,174.99,capped at market range (target not reachable),29.07,16.6%,5.37,8.75,3.50,11.45,6.5%,11.45,15.29,-5.5%,75,No (none on Doba listing),2,—,,,,Cost $145.92 vs $152.90 market: no margin
,PHASE 2,12V Car Fridge 40 L,Cooling,Off-Grid Power & Cooling | Tailgate & SUV Camping,Family road-tripper,vevor,VEVOR,OCFHeCQgKCqC,D01027RSVN6,197988146957,https://www.doba.com/product/OCFHeCQgKCqC/x.html,173.50,derived from Doba profit fields,237.67,Single,Yes (verified on listing),$0.00,Seller-Selected Shipping (Buyer Cannot Choose),United States,24,3 business days (avg 0.5),2-7 days,99.6%,30,Amazon; Temu; Walmart,203.90,VEVOR / Lowe's,https://www.lowes.com/pd/VEVOR-12-Volt-Car-Refrigerator-42-3QT-40L-Car-Fridge-Portable-Electric-Cooler-with-4degrees-fahrenheit-to-68degrees-fahrenheit-Adjustable-Temperature-12-24V-DC-and-100-240V-AC-Compressor-Freezer-for-Outdoor-Camping-Travel-RV/7576812,213.90,212.99,capped at market range (target not reachable),39.49,18.5%,6.48,10.65,4.26,18.11,8.5%,18.11,11.76,4.9%,73,No (none on Doba listing),5,Apr–Sep,Memorial Day | 4th of July | Labor Day,,,24 units only; ~9% contribution
,PHASE 2,12V Dual-Zone Car Fridge 50 L,Cooling,Off-Grid Power & Cooling,Overlander,vevor,VEVOR,hEqGYvDMgJbF,D0102HQ4SWG,197988217510,https://www.doba.com/product/hEqGYvDMgJbF/x.html,251.36,derived from Doba profit fields,344.33,Single,Yes (verified on listing),$0.00,Seller-Selected Shipping (Buyer Cannot Choose),United States,25,3 business days (avg 0.5),2-7 days,99.6%,30,Amazon; Temu; Walmart,309.90,VEVOR / Walmart / Best Buy,https://www.vevor.com/car-refrigerator-c_10723/vevor-portable-car-refrigerator-freezer-compressor-50-l-dual-zone-for-home-car-p_010912072735,309.90,308.99,capped at market range (target not reachable),57.63,18.7%,9.26,15.45,6.18,26.74,8.7%,26.74,11.56,8.9%,68,No (none on Doba listing),5,Apr–Sep,Memorial Day | 4th of July | Labor Day,,,25 units; ~9% contribution
,REJECT,12V Car Fridge 40 L (old listing),Cooling,Off-Grid Power & Cooling,—,vevor,VEVOR,iYbHoVDyuJvj,D0102HQ4S0Y,197988220558,https://www.doba.com/product/iYbHoVDyuJvj/x.html,144.38,derived from Doba profit fields,197.78,Single,Yes (verified on listing),$0.00,Seller-Selected Shipping (Buyer Cannot Choose),United States,0,3 business days (avg null),2-7 days,99.6%,30,Amazon; Temu; Walmart,,,,,NaN,no market price,NaN,NaN%,NaN,NaN,NaN,NaN,NaN%,NaN,n/a,,70,No (none on Doba listing),5,—,,,,Out of stock (0) — this was the previous report's fridge
,PHASE 2,1800W Portable Power Station,Power,Off-Grid Power & Cooling,Off-grid camper,vevor,VEVOR,DbQtVcZowovy,D01027HYFIW,197988360810,https://www.doba.com/product/DbQtVcZowovy/x.html,442.79,derived from Doba profit fields,606.56,Single,Yes (verified on listing),$0.00,Seller-Selected Shipping (Buyer Cannot Choose),United States,157,3 business days (avg null),2-7 days,99.6%,30,Amazon; Temu; Walmart,545.90,VEVOR / Lowe's,https://www.vevor.com/whole-house-portable-solar-power-generator-c_44909/vevor-portable-power-station-1800w-solar-generator-power-station-1008wh-lifepo4-battery-backup-with-9-output-ports-for-for-home-emergency-outdoor-camping-rv-travel-solar-panel-not-included--p_010790472307,545.90,544.99,capped at market range (target not reachable),102.20,18.8%,16.10,27.25,10.90,47.95,8.8%,47.95,11.37,8.9%,69,No (none on Doba listing),2,Year-round (outage gifting),Labor Day | Black Friday / Cyber Monday | Christmas gifting,,MANUAL REVIEW: lithium battery. No UL/UN38.3 documents on the Doba listing; request UL 2743 / UN38.3 / FCC docs; ships ground only.,"~9% contribution, $546 ticket"
,REJECT,300W Power Station (non-VEVOR),Power,Off-Grid Power & Cooling,—,inQ Boutique,(unbranded),KCFcVEMdHJDP,D0102X3Q8MY,,https://www.doba.com/product/KCFcVEMdHJDP/x.html,110.43,derived from Doba profit fields,208.36,Single,Yes (verified on listing),$0.00,Seller-Selected Shipping (Buyer Cannot Choose),United States,0,3 business days (avg 0.8),3-15 days,99.4%,30,,,,,,NaN,no market price,NaN,NaN%,NaN,NaN,NaN,NaN,NaN%,NaN,n/a,,62,No (none on Doba listing),3,—,,,MANUAL REVIEW: lithium battery. No UL/UN38.3 documents on the Doba listing; request UL 2743 / UN38.3 / FCC docs; ships ground only.,Out of stock (0)
,PHASE 2,"Tent Wood Stove 80 in pipe, stainless",Warmth,Cold-Weather Hot Tent,Hunter / winter camper,vevor,VEVOR,UdegqhNlQFDz,D010275EV4J,840349924939,https://www.doba.com/product/UdegqhNlQFDz/x.html,72.11,derived from Doba profit fields,98.78,Single,Yes (verified on listing),$0.00,Seller-Selected Shipping (Buyer Cannot Choose),United States,521,3 business days (avg 0.5),2-7 days,99.6%,30,Amazon; Temu; Walmart,85.99,Walmart,https://www.walmart.com/ip/VEVOR-Wood-Stove-80-inch-Stainless-Steel-Camping-Tent-Stove-Portable-Wood-Burning-Stove-Chimney-Pipes-Gloves-700in-Firebox-Hot-Tent-Stove-Outdoor-Coo/17491612785,88.90,87.99,capped at market range (target not reachable),15.88,18.1%,2.85,4.40,1.76,6.87,7.8%,6.87,12.81,5.9%,73,No (none on Doba listing),5,Sep–Feb,Labor Day | Black Friday / Cyber Monday | Christmas gifting,,"MANUAL REVIEW: wood-burning tent stove. No certification on listing; require spark arrestor + CO-alarm guidance, tent stove jack/heat-shield instructions; never claim safe for any tent without a fire-rated stove jack.",~9% contribution; fire-safety manual review
,REJECT,"Tent Wood Stove 86 in, alloy steel",Warmth,Cold-Weather Hot Tent,—,vevor,VEVOR,iyqQbcIWnCDH,D0102HPBR5X,840349924946,https://www.doba.com/product/iyqQbcIWnCDH/x.html,99.69,derived from Doba profit fields,136.56,Single,Yes (verified on listing),$0.00,Seller-Selected Shipping (Buyer Cannot Choose),United States,345,3 business days (avg 0.5),2-7 days,99.6%,30,Amazon; Temu; Walmart,105.99,Best Buy,https://www.bestbuy.com/,122.90,120.99,capped at market range (target not reachable),21.30,17.6%,3.81,6.05,2.42,9.03,7.5%,9.03,13.40,-4.2%,73,No (none on Doba listing),5,—,,,"MANUAL REVIEW: wood-burning tent stove. No certification on listing; require spark arrestor + CO-alarm guidance, tent stove jack/heat-shield instructions; never claim safe for any tent without a fire-rated stove jack.",Cost $99.69 vs $105.99 market: no margin
,REJECT,"Tent Wood Stove 86 in, stainless",Warmth,Cold-Weather Hot Tent,—,vevor,VEVOR,mZqwvYNfnFVD,D0102HPB5KT,840349924960,https://www.doba.com/product/mZqwvYNfnFVD/x.html,138.62,derived from Doba profit fields,189.89,Single,Yes (verified on listing),$0.00,Seller-Selected Shipping (Buyer Cannot Choose),United States,184,3 business days (avg null),2-7 days,99.6%,30,Amazon; Temu; Walmart,147.99,Best Buy,https://www.bestbuy.com/product/vevor-wood-stove-86-inch-stainless-steel-camping-tent-stove-portable-wood-burning-stove-with-chimney-pipes-gloves-silver/JJGHK4KTZX,170.90,169.99,capped at market range (target not reachable),31.37,18.5%,5.23,8.50,3.40,14.24,8.4%,14.24,11.94,-3.8%,73,No (none on Doba listing),5,—,,,"MANUAL REVIEW: wood-burning tent stove. No certification on listing; require spark arrestor + CO-alarm guidance, tent stove jack/heat-shield instructions; never claim safe for any tent without a fire-rated stove jack.",Cost $138.62 vs $147.99 market: no margin
,REJECT,Foldable Wood Tent Stove (non-VEVOR),Warmth,Cold-Weather Hot Tent,—,inQ Boutique,(unbranded),tmeYFZJoKQbu,D01027E7DBJ,,https://www.doba.com/product/tmeYFZJoKQbu/x.html,153.08,derived from Doba profit fields,288.83,Single,Yes (verified on listing),$0.00,Seller-Selected Shipping (Buyer Cannot Choose),United States,86,3 business days (avg null),3-15 days,99.4%,30,Amazon; Temu,,,,,NaN,no market price,NaN,NaN%,NaN,NaN,NaN,NaN,NaN%,NaN,n/a,,58,No (none on Doba listing),4,—,,,"MANUAL REVIEW: wood-burning tent stove. No certification on listing; require spark arrestor + CO-alarm guidance, tent stove jack/heat-shield instructions; never claim safe for any tent without a fire-rated stove jack.",No comparable retail price; 47% Doba rate implies inflated MSRP
,TEST,Heated Double Camping Chair,Warmth,Cold-Weather Hot Tent | Family Campground Comfort,Cold-weather sports parent / couple,AOSOM,(unbranded),FhCaQDRCbevV,D01027EGT1T,,https://www.doba.com/product/FhCaQDRCbevV/x.html,88.50,derived from Doba profit fields,126.43,Single,Yes (verified on listing),$0.00,Seller-Selected Shipping (Buyer Cannot Choose),United States,242,3 business days (avg null),5-7 days,99.9%,30,Amazon,99.99,Target / Amazon,https://www.target.com/s/heated+portable+chairs,109.99,109.99,capped at market range (target not reachable),21.49,19.5%,3.49,5.50,2.20,10.30,9.4%,10.30,10.68,1.3%,71,No (none on Doba listing),3,Sep–Feb,Labor Day | Black Friday / Cyber Monday | Christmas gifting | Christmas gifting,,MANUAL REVIEW: battery-heated product; request UL/FCC documentation.,AOSOM; ~9% at cap
,REJECT,Knife & Hatchet Combo,Warmth,Cold-Weather Hot Tent,—,vevor,VEVOR,wFbReroyECVB,D0102HSVJXX,197988088301,https://www.doba.com/product/wFbReroyECVB/x.html,22.71,derived from Doba profit fields,31.11,Single,Yes (verified on listing),$0.00,Seller-Selected Shipping (Buyer Cannot Choose),United States,0,3 business days (avg null),2-7 days,99.6%,30,Amazon; Temu; Walmart,,,,,NaN,no market price,NaN,NaN%,NaN,NaN,NaN,NaN,NaN%,NaN,n/a,,50,No (none on Doba listing),5,—,,,Blades: age-gating and state shipping rules apply.,Out of stock (0)
,REJECT,20 in Fire Bowl,Warmth,Family Campground Comfort,—,Summit Supplies,(unbranded),LCVWevdQEYqn,D0102HQRB2W,,https://www.doba.com/product/LCVWevdQEYqn/x.html,122.53,derived from Doba profit fields,245.06,Single,Yes (verified on listing),$0.00,FedEx,United States,0,3 business days (avg null),2-5 days,100.0%,30,Wayfair; Free Shipping: Tracking number provided within 2 working days. Prepaid labels: shipped within 5 working days.,,,,,NaN,no market price,NaN,NaN%,NaN,NaN,NaN,NaN,NaN%,NaN,n/a,,52,No (none on Doba listing),4,—,,,,Out of stock (0)
,BUNDLE ONLY,Heavy-Duty Folding Camp Chair,Comfort & Haul,Family Campground Comfort | Tailgate & SUV Camping,Every camper,vevor,VEVOR,iwqIbPdcoQvu,D0102HPB5GX,840349924779,https://www.doba.com/product/iwqIbPdcoQvu/x.html,32.36,derived from Doba profit fields,44.33,Single,Yes (verified on listing),$0.00,Seller-Selected Shipping (Buyer Cannot Choose),United States,5187,3 business days (avg 0.5),2-7 days,99.6%,30,Amazon; Temu; Walmart,35.03,Home Depot,https://www.homedepot.com/p/VEVOR-Camping-Folding-Chair-for-Adults-Portable-Heavy-Duty-Outdoor-Quad-Lumbar-Back-Padded-Arm-Chairs-in-Black-HWZDYCY450LBSFODNV0/326908574,45.90,39.99,capped at market range (target not reachable),7.63,19.1%,1.46,2.00,0.80,3.37,8.4%,3.37,11.87,-3.1%,64,No (none on Doba listing),5,Year-round,Memorial Day | 4th of July | Labor Day | Black Friday / Cyber Monday | Father's Day,,,"Cost $32.36 vs $35.03 market: only works inside setups (5,187 units)"
,BUNDLE ONLY,Oversized Camp Chair 450 lb,Comfort & Haul,Family Campground Comfort | Tailgate & SUV Camping,Big & tall camper,vevor,VEVOR,gpKMCYJEoebF,D01027R3LK2,197988180579,https://www.doba.com/product/gpKMCYJEoebF/x.html,46.15,derived from Doba profit fields,63.22,Single,Yes (verified on listing),$0.00,Seller-Selected Shipping (Buyer Cannot Choose),United States,2494,3 business days (avg 0.8),2-7 days,99.6%,30,Amazon; Temu; Walmart,50.99,VEVOR,https://www.vevor.com/camping-folding-chair-c_43726/vevor-oversized-camping-chairs-450-lbs-heavy-duty-support-portable-padded-folding-camp-chairs-with-dual-cup-holders-wine-glass-holders-carry-bag-for-outdoor-fishing-black-gray-1-pack-p_010437165146,56.90,55.99,capped at market range (target not reachable),9.84,17.6%,1.92,2.80,1.12,3.99,7.1%,3.99,14.02,-1.0%,68,No (none on Doba listing),5,Year-round,Memorial Day | 4th of July | Labor Day | Black Friday / Cyber Monday | Father's Day,,,"~8% at cap; 2,494 units"
,REJECT,Reclining Camp Chair,Comfort & Haul,Family Campground Comfort,—,vevor,VEVOR,URqpKWPBCFVQ,D0102HSVL5X,197988578994,https://www.doba.com/product/URqpKWPBCFVQ/x.html,55.89,derived from Doba profit fields,76.56,Single,Yes (verified on listing),$0.00,Seller-Selected Shipping (Buyer Cannot Choose),United States,0,3 business days (avg null),2-7 days,99.6%,30,Amazon; Temu; Walmart,59.99,Amazon,https://www.amazon.com/VEVOR-Reclining-Headrest-Adjustable-Activities/dp/B0DK8ZRX35,79.99,67.99,capped at market range (target not reachable),12.10,17.8%,2.27,3.40,1.36,5.07,7.5%,5.07,13.40,-3.6%,62,No (none on Doba listing),5,—,,,,Out of stock (0) — was a hero in the previous list
,REJECT,Padded Zero-Gravity Chair,Comfort & Haul,Family Campground Comfort,—,AOSOM,(unbranded),TteMDQIOoFqp,D010275XBB6,673986123386,https://www.doba.com/product/TteMDQIOoFqp/x.html,85.63,derived from Doba profit fields,122.33,Single,Yes (verified on listing),$0.00,Seller-Selected Shipping (Buyer Cannot Choose),United States,82,3 business days (avg null),5-7 days,99.9%,30,Amazon,80.99,Walmart,https://www.walmart.com/ip/Outsunny-Padded-Zero-Gravity-Chair-w-Cup-Holder-Tray-Gray/972499914,94.99,92.99,capped at market range (target not reachable),7.36,7.9%,3.00,4.65,1.86,-2.15,-2.3%,-2.15,n/a,-16.0%,65,No (none on Doba listing),4,—,,,,Cost $85.63 above $80.99 market
,CORE,Collapsible Folding Wagon 550 lb,Comfort & Haul,Family Campground Comfort | Tailgate & SUV Camping,Family camper / beach,vevor,VEVOR,ARQbqcuDePVo,D0102X3YK0U,197988673026,https://www.doba.com/product/ARQbqcuDePVo/x.html,98.06,derived from Doba profit fields,134.33,Single,Yes (verified on listing),$0.00,Seller-Selected Shipping (Buyer Cannot Choose),United States,463,3 business days (avg 0.5),2-7 days,99.6%,30,Amazon; Temu; Walmart,120.90,VEVOR / Walmart / Lowe's,https://www.walmart.com/ip/VEVOR-Collapsible-Folding-Wagon-550lb-Load-220L-2-1-Foldable-Wagon-Cart-Converts-Bench-Utility-Wagon-Adjustable-Handle-Outdoor-Cart-Groceries-Shoppin/17477269946,122.99,122.99,capped at market range (target not reachable),24.93,20.3%,3.87,6.15,2.46,12.45,10.1%,12.45,9.88,8.7%,72,No (none on Doba listing),4,Year-round,Memorial Day | 4th of July | Labor Day | Black Friday / Cyber Monday | Father's Day,,,Already on trenzora.com (D0102X3YK0U) — the calibration product
,REJECT,2-Room Shower & Privacy Tent,Hygiene,Campsite Hygiene & Privacy,—,vevor,VEVOR,RzetFCcqKQVa,D01027RNCHP,197988178613,https://www.doba.com/product/RzetFCcqKQVa/x.html,82.65,derived from Doba profit fields,113.22,Single,Yes (verified on listing),$0.00,Seller-Selected Shipping (Buyer Cannot Choose),United States,338,3 business days (avg 0.5),2-7 days,99.6%,30,Amazon; Temu; Walmart,80.99,Walmart,https://www.walmart.com/ip/18792553445,89.99,89.99,capped at market range (target not reachable),7.34,8.2%,2.91,4.50,1.80,-1.87,-2.1%,-1.87,n/a,-12.3%,74,No (none on Doba listing),5,—,,,,Cost $82.65 above $80.99 market
,REJECT,Propane Water Heater 6 L,Hygiene,Campsite Hygiene & Privacy,—,vevor,VEVOR,uHCdQMeyOFbV,D01027R99ZP,197988669616,https://www.doba.com/product/uHCdQMeyOFbV/x.html,73.00,derived from Doba profit fields,100.00,Single,Yes (verified on listing),$0.00,Seller-Selected Shipping (Buyer Cannot Choose),United States,0,3 business days (avg 0.5),2-7 days,99.6%,30,Amazon; Temu; Walmart,89.99,VEVOR,https://www.vevor.com/water-heaters-c_12270/portable-propane-water-heater-6l-tankless-with-accessory-regulator-for-rv-p_010160697291,108.33,102.99,capped at market range (target not reachable),29.99,29.1%,3.29,5.15,2.06,19.49,18.9%,19.49,5.28,8.6%,72,No (none on Doba listing),3,—,,,MANUAL REVIEW: propane appliance. No CSA/ANSI certification shown on the Doba listing; request certificate from supplier before listing. Outdoor use only; no indoor/tent-use claims.,Out of stock (0) — was in the previous list
,PHASE 2,Portable Flush Toilet 5.3 gal,Hygiene,Campsite Hygiene & Privacy,Family / remote camper,vevor,VEVOR,dreWCTFWQKbg,D01027R6GPJ,197988918653,https://www.doba.com/product/dreWCTFWQKbg/x.html,64.00,derived from Doba profit fields,87.67,Single,Yes (verified on listing),$0.00,Seller-Selected Shipping (Buyer Cannot Choose),United States,24,3 business days (avg 1),2-7 days,99.6%,30,Amazon; Temu; Walmart,78.90,VEVOR,https://www.vevor.com/composting-toilets-c_40595/vevor-portable-toilet-5-3-gallon-detachable-waste-tank-120-flushes-camping-toilet-for-adults-outdoor-travel-potty-with-level-indicator-carry-bag-suitable-for-rv-travel-camping-hiking-boating-p_010420683242,79.99,79.99,capped at market range (target not reachable),15.99,20.0%,2.62,4.00,1.60,7.77,9.7%,7.77,10.29,8.6%,65,No (none on Doba listing),5,Apr–Oct,Memorial Day | 4th of July | Labor Day,,,24 units; ~10% contribution
,REJECT,Rechargeable LED Lanterns 4-pack,Light,Family Campground Comfort,—,vevor,VEVOR,OeQgvcSoFCDz,D010277U5UJ,197988770657,https://www.doba.com/product/OeQgvcSoFCDz/x.html,21.90,derived from Doba profit fields,30.00,Single,Yes (verified on listing),$0.00,Seller-Selected Shipping (Buyer Cannot Choose),United States,0,3 business days (avg 0.5),2-7 days,99.6%,30,Amazon; Temu; Walmart,26.99,VEVOR,https://www.vevor.com/flashlight-c_12611/led-camping-lanterns-portable-rechargeable-lights-as-battery-bank-4-pcs-p_010417373513,29.99,29.99,capped at market range (target not reachable),8.09,27.0%,1.17,1.50,0.60,4.82,16.1%,4.82,6.22,7.8%,61,No (none on Doba listing),5,—,,,,Out of stock (0)
