rank,handle,tags_to_add,suggested_title,vendor,recommended_price_usd,seo_title,seo_description,doba_url,doba_listing_confirmed
1,suv-tailgate-tent,"curated, tier:hero, gear:shelter, mission:weekend-car-camping, mission:family-campsite","SUV Tailgate Tent (8′ × 8′, sleeps 6–8)",VEVOR,179.00,SUV Tailgate Tent | Trenzora,"Turns your SUV’s open hatch into a full-height room. SUV, crossover and minivan owners who camp at drive-in sites and want more room without a rooftop tent.",https://www.doba.com/product/jAqdKQyGwobR/dropshipping-vevor-suv-camping-tent-8-8-suv-tent-attachment-for-camping-with-rain-layer-and-carry-bag-pu2000mm-double-layer-truck-tent-accommodate-6-8-person-rear-tent-for-van-hatch-tailgate.html,yes
2,camp-kitchen-table,"curated, tier:hero, gear:camp-kitchen-gear, mission:camp-kitchen, mission:weekend-car-camping, mission:tailgate-and-backyard",One-Piece Folding Camp Kitchen Table,VEVOR,89.00,One-Piece Folding Camp Kitchen Table | Trenzora,"A standing-height outdoor kitchen that sets up in minutes. Anyone who cooks real meals at camp, at the tailgate or in the backyard.",https://www.doba.com/product/eAqMCSIvJoVj/dropshipping-vevor-camping-kitchen-table-one-piece-folding-portable-cook-station-with-a-carrying-bag-aluminum-camping-table-4-iron-side-tables-2-shelves-ideal-for-outdoor-picnics-bbqs-camping-rv-traveling.html,yes
3,12v-car-fridge-40l,"curated, tier:hero, gear:camp-kitchen-gear, mission:camp-kitchen, mission:weekend-car-camping, mission:tailgate-and-backyard, mission:power-and-light",12V Portable Car Fridge & Freezer (40 L),VEVOR,219.00,12V Portable Car Fridge & Freezer | Trenzora,"Cold food for the whole trip — no ice runs, no soggy bread. Road-trippers, overlanders, tailgaters and anyone tired of buying ice.",https://www.doba.com/product/iYbHoVDyuJvj/dropshipping-vevor-portable-car-refrigerator-freezer-compressor-40-l-single-zone-for-car-home.html,yes
4,reclining-camp-chair,"curated, tier:hero, gear:seating-tables, mission:weekend-car-camping, mission:tailgate-and-backyard, mission:gifts-for-campers",Reclining Rocking Camp Chair (300 lb),VEVOR,74.00,Reclining Rocking Camp Chair | Trenzora,"The chair everyone fights over around the fire. Campers, tailgaters and backyard-fire people — and an easy gift for dads.",https://www.doba.com/product/URqpKWPBCFVQ/dropshipping-vevor-camping-chair-hammock-chair-300-lbs-load-capacity-hammock-folding-chair.html,yes
5,folding-cot-with-mattress,"curated, tier:hero, gear:sleep, mission:sleep-better-outside, mission:weekend-car-camping, mission:cold-weather-camping, mission:family-campsite",Folding Camping Cot with Mattress,Doba supplier (to confirm),79.00,Folding Camping Cot with Mattress | Trenzora,"Off the cold ground, on a real mattress, in any tent. Side sleepers, back-pain sleepers and anyone over 30 who still wants to camp.",https://www.doba.com/product/UIQRqoPFhCVi/dropshipping-camping-cot-with-mattress-carry-bag-cots-for-sleepingcamping-bed-folding-cot-for-office-home-outdoor-travel.html,yes
6,canvas-bell-tent-5m,"curated, tier:hero, gear:shelter, mission:cold-weather-camping, mission:family-campsite","Canvas Bell Tent with Stove Jack (16′ / 5 m, 8–10 people)",VEVOR,399.00,Canvas Bell Tent with Stove Jack | Trenzora,"A four-season basecamp you can stand up in — and heat with a wood stove. Hunting camps, family basecamps, glampers and cold-season campers.",https://www.doba.com/product/sLDhJjVfGcbq/dropshipping-vevor-8-10-person-canvas-glamping-bell-tent-breathable-waterproof-yurt-tent-with-stove-jack-and-detachable-side-wall-for-family-camping16x16x118diameter-5m.html,yes
7,tent-wood-stove,"curated, tier:hero, gear:heat-fire, mission:cold-weather-camping",Tent Wood Stove with Chimney Pipes,VEVOR,139.00,Tent Wood Stove with Chimney Pipes | Trenzora,"A warm, dry tent and a hot breakfast on the same stove. Hot-tent campers and hunters running a canvas basecamp.",https://www.doba.com/dropshipping/Camping.html,no — pick listing in Doba
8,collapsible-wagon,"curated, tier:hero, gear:haul-storage, mission:tailgate-and-backyard, mission:family-campsite, mission:weekend-car-camping",Collapsible All-Terrain Wagon (225 lb),Doba supplier (to confirm),89.00,Collapsible All-Terrain Wagon | Trenzora,"Everything from car to camp in one trip. Families, tailgaters, beach-goers and walk-in campsites.",https://www.doba.com/product/AjvkKeFEqCbE/dropshipping-collapsible-foldable-wagon-cart-beach-wagon-heavy-duty-utility-cart-utility-wagon-grocery-cart-for-for-camping-shopping-sports-gardeing-fishing-supports-225lbs-all-terrain-wheels-green.html,yes
9,rechargeable-lantern-power-bank,"curated, tier:hero, gear:power-light, mission:power-and-light, mission:weekend-car-camping, mission:gifts-for-campers, mission:family-campsite","Rechargeable LED Lantern & Power Bank (10,000 mAh)",Doba supplier (to confirm),34.00,Rechargeable LED Lantern & Power Bank | Trenzora,Soft light for the whole campsite — and a phone charge when you need it. Every camper — and the easiest under-$40 gift in the store.,https://www.doba.com/dropshipping/lantern-camp.html,no — pick listing in Doba
10,pop-up-privacy-tent,"curated, tier:hero, gear:campsite-comfort, mission:family-campsite, mission:weekend-car-camping",Pop-Up Privacy Shower & Changing Tent,Doba supplier (to confirm),49.00,Pop-Up Privacy Shower & Changing Tent | Trenzora,"Private space for showering, changing or a camp toilet — up in seconds. Families and anyone camping off-grid, at the beach or at events.",https://www.doba.com/product/uODZFeLNRYVQ/dropshipping-pop-up-privacy-tent-foldable-outdoor-shower-toilet-tent-portable-clothes-changing-room-camping-shelter-with-carry-bag-for-camping-hiking-beach-picnic.html,yes
11,vehicle-side-awning-270,"curated, tier:core, gear:shelter, mission:weekend-car-camping, mission:tailgate-and-backyard",270° Vehicle Side Awning,VEVOR,299.00,270° Vehicle Side Awning | Trenzora,Instant shade and rain cover along two sides of your vehicle. Overlanders and SUV/truck campers with a roof rack.,https://www.doba.com/dropshipping/car-tent-canopy.html,no — pick listing in Doba
12,portable-power-station-300w,"curated, tier:core, gear:power-light, mission:power-and-light, mission:weekend-car-camping, mission:gifts-for-campers",300W Portable Power Station,Doba supplier (to confirm),179.00,300W Portable Power Station | Trenzora,"Quiet, fume-free power for the campsite and the next outage. Car campers who want lights and charging, and households preparing for outages.",https://www.doba.com/product/jhqWeASpGYvO/dropshipping-300w-portable-power-station-70200mah-ac-car-solar-generator-backup-energy-storage-battery-for-outdoor-camping-travel-emergency-support-wireless-charging-fast-charging-lighting-digital-display.html,yes
13,foldable-solar-panel-100w,"curated, tier:support, gear:power-light, mission:power-and-light",100W Foldable Solar Panel,Doba supplier (to confirm),119.00,100W Foldable Solar Panel | Trenzora,Recharge at camp from the sun. Multi-day car campers with a power station.,https://www.doba.com/dropshipping/solar-panel.html,no — pick listing in Doba
14,cold-weather-sleeping-bag,"curated, tier:core, gear:sleep, mission:sleep-better-outside, mission:cold-weather-camping",Cold-Weather Sleeping Bag,Doba supplier (to confirm),59.00,Cold-Weather Sleeping Bag | Trenzora,"Sleep warm when the forecast drops. Fall and winter campers, hunters.",https://www.doba.com/dropshipping/outdoor-sleeping-bags.html,no — pick listing in Doba
15,camp-cookware-set,"curated, tier:support, gear:camp-kitchen-gear, mission:camp-kitchen",Camp Cookware Set,Doba supplier (to confirm),45.00,Camp Cookware Set | Trenzora,"A dedicated, nesting camp kitchen kit. Families building a dedicated camp kitchen.",https://www.doba.com/category/TjbPVCJEvoDn/dropshipping-camping-cookware.html,no — pick listing in Doba
16,portable-propane-water-heater,"curated, tier:core, gear:campsite-comfort, mission:family-campsite, mission:camp-kitchen",Portable Propane Water Heater & Camp Shower,Doba supplier (to confirm),159.00,Portable Propane Water Heater & Camp Shower | Trenzora,"A hot shower and hot dish water anywhere you can park. Families, overlanders and dispersed campers.",https://www.doba.com/dropshipping/water-heater.html,no — pick listing in Doba
17,portable-fire-pit,"curated, tier:core, gear:heat-fire, mission:tailgate-and-backyard, mission:gifts-for-campers",Portable Outdoor Fire Pit,Doba supplier (to confirm),99.00,Portable Outdoor Fire Pit | Trenzora,A fire you can take from the backyard to the campsite. Backyard hosts and campers.,https://www.doba.com/dropshipping/outdoor-fire-pit.html,no — pick listing in Doba
18,camping-hatchet-set,"curated, tier:core, gear:heat-fire, mission:cold-weather-camping, mission:gifts-for-campers",Camping Hatchet & Machete Set,VEVOR,59.00,Camping Hatchet & Machete Set | Trenzora,"Everything to split kindling and clear brush, in one sheathed kit. Campers, hunters — and a top gift for the outdoorsy person who has everything.",https://www.doba.com/product/wqbgFWYorCvf/dropshipping-camping-hatchet-machete-knife-set-sheath-hunting-knife-flashlight-paracord.html,yes
19,portable-camp-toilet,"curated, tier:support, gear:campsite-comfort, mission:family-campsite",Portable Camp Toilet,Doba supplier (to confirm),69.00,Portable Camp Toilet | Trenzora,"A clean, private bathroom at your own site. Families and dispersed campers.",https://www.doba.com/dropshipping/camp-portable-toilet.html,no — pick listing in Doba
20,collapsible-water-jug,"curated, tier:support, gear:camp-kitchen-gear, mission:camp-kitchen, mission:family-campsite",Collapsible Water Jug with Spigot,Doba supplier (to confirm),24.00,Collapsible Water Jug with Spigot | Trenzora,Running water at the camp kitchen. Every camp kitchen.,https://www.doba.com/dropshipping/Camping.html,no — pick listing in Doba
21,camp-side-table,"curated, tier:support, gear:seating-tables, mission:weekend-car-camping, mission:tailgate-and-backyard",Roll-Up Aluminum Camp Table,Doba supplier (to confirm),49.00,Roll-Up Aluminum Camp Table | Trenzora,"A stable table anywhere, packing smaller than a chair. Campers and tailgaters.",https://www.doba.com/dropshipping/foldable-camp-table_4.html,no — pick listing in Doba
22,camping-hammock-chair-pair,"curated, tier:core, gear:seating-tables, mission:tailgate-and-backyard, mission:gifts-for-campers",Reclining Camp Chair — Set of 2,VEVOR,139.00,Reclining Camp Chair — Set of 2 | Trenzora,"Two of our best-selling recliners, one order. Couples and gift buyers.",https://www.doba.com/product/URqpKWPBCFVQ/dropshipping-vevor-camping-chair-hammock-chair-300-lbs-load-capacity-hammock-folding-chair.html,yes
23,truck-bed-tent,"curated, tier:core, gear:shelter, mission:weekend-car-camping, mission:cold-weather-camping",Truck Bed Tent,VEVOR,169.00,Truck Bed Tent | Trenzora,"Turn your pickup bed into a raised, flat, dry bedroom. Pickup owners, hunters, anglers.",https://www.doba.com/dropshipping/camp-tent.html,no — pick listing in Doba
24,camp-storage-box,"curated, tier:support, gear:haul-storage, mission:weekend-car-camping, mission:camp-kitchen",Heavy-Duty Camp Storage Box,VEVOR,59.00,Heavy-Duty Camp Storage Box | Trenzora,A grab-and-go bin: your camp kitchen lives in it between trips. Anyone who camps more than twice a year.,https://www.doba.com/dropshipping/Camping-Equipment_3.html,no — pick listing in Doba
25,propane-tent-heater,"curated, tier:support, gear:heat-fire, mission:cold-weather-camping, mission:power-and-light",Portable Propane Heater (indoor-safe certified only),Doba supplier (to confirm),99.00,Portable Propane Heater | Trenzora,"Quick, portable heat for cold starts. Cold-season campers and hunters.",https://www.doba.com/dropshipping/outdoor-gas-heater.html,no — pick listing in Doba
26,camping-fan-lantern,"curated, tier:support, gear:power-light, mission:power-and-light, mission:family-campsite",Rechargeable Camping Fan with LED Light,VEVOR,49.00,Rechargeable Camping Fan with LED Light | Trenzora,Airflow and light from one hanging unit. Summer campers.,https://www.doba.com/dropshipping-supplier/tHvkbcJtFQVs/products,no — pick listing in Doba
27,suv-air-mattress,"curated, tier:support, gear:sleep, mission:sleep-better-outside, mission:weekend-car-camping",SUV Back-Seat Air Mattress,Doba supplier (to confirm),59.00,SUV Back-Seat Air Mattress | Trenzora,A flat bed in the back of your SUV. Solo car campers and road-trippers.,https://www.doba.com/dropshipping/Camping.html,no — pick listing in Doba
28,hammock-with-stand,"curated, tier:support, gear:seating-tables, mission:tailgate-and-backyard, mission:gifts-for-campers",Hammock with Portable Steel Stand,Doba supplier (to confirm),99.00,Hammock with Portable Steel Stand | Trenzora,"Hammock time anywhere — campsite, yard or beach. Backyard loungers and campers.",https://www.doba.com/dropshipping/outdoor-camp.html,no — pick listing in Doba
29,headlamp-two-pack,"curated, tier:support, gear:power-light, mission:power-and-light, mission:gifts-for-campers",Rechargeable Headlamp — 2 Pack,Doba supplier (to confirm),29.00,Rechargeable Headlamp — 2 Pack | Trenzora,"Hands-free light, one for you and one for them. Every camper; stocking stuffer.",https://www.doba.com/category/ZuVpDCPCoJbq/dropshipping-lights-lanterns.html,no — pick listing in Doba
30,camp-kitchen-table-windscreen,"curated, tier:core, gear:camp-kitchen-gear, mission:camp-kitchen",Camp Kitchen with Cupboard & Windscreen,VEVOR,109.00,Camp Kitchen with Cupboard & Windscreen | Trenzora,A full camp kitchen with a wind-blocked stove bay and storage. Serious camp cooks and families on longer trips.,https://www.doba.com/dropshipping/outdoor-kitchen.html,no — pick listing in Doba
