Asset,Kind,Used on,Product handle,SKUs,Product type,Supplier,Supplier blank,Current source,Replace with,Source needed,Priority,Status
mock-assets/visuals/products/mumbai-made-oversized-tee/01-studio.webp,product image,Shopify product media #01,mumbai-made-oversized-tee,TRZ-MUM-TEE-S TRZ-MUM-TEE-M TRZ-MUM-TEE-L TRZ-MUM-TEE-XL TRZ-MUM-TEE-XXL,Premium Oversized Tee,Printrove,TO CONFIRM,"studio render (temporary, mock only)","Main product image: front, on the confirmed blank",Supplier designer mockup (front),P0 — before launch,open
mock-assets/visuals/products/mumbai-made-oversized-tee/02-detail.webp,product image,Shopify product media #02,mumbai-made-oversized-tee,TRZ-MUM-TEE-S TRZ-MUM-TEE-M TRZ-MUM-TEE-L TRZ-MUM-TEE-XL TRZ-MUM-TEE-XXL,Premium Oversized Tee,Printrove,TO CONFIRM,"studio render (temporary, mock only)",Print close-up showing fabric/material,Supplier close-up mockup or sample photo,P1 — before launch if available,open
mock-assets/visuals/products/mumbai-made-oversized-tee/03-editorial.webp,product image,Shopify product media #03,mumbai-made-oversized-tee,TRZ-MUM-TEE-S TRZ-MUM-TEE-M TRZ-MUM-TEE-L TRZ-MUM-TEE-XL TRZ-MUM-TEE-XXL,Premium Oversized Tee,Printrove,TO CONFIRM,"studio render (temporary, mock only)",Styled image on the family colour,Sample photography (flat-lay / styled),P2 — after launch,open
mock-assets/visuals/products/mumbai-made-tote/01-studio.webp,product image,Shopify product media #01,mumbai-made-tote,TRZ-MUM-TOT,Everyday Tote,Qikink,TO CONFIRM,"studio render (temporary, mock only)","Main product image: front, on the confirmed blank",Supplier designer mockup (front),P0 — before launch,open
mock-assets/visuals/products/mumbai-made-tote/02-detail.webp,product image,Shopify product media #02,mumbai-made-tote,TRZ-MUM-TOT,Everyday Tote,Qikink,TO CONFIRM,"studio render (temporary, mock only)",Print close-up showing fabric/material,Supplier close-up mockup or sample photo,P1 — before launch if available,open
mock-assets/visuals/products/mumbai-made-tote/03-editorial.webp,product image,Shopify product media #03,mumbai-made-tote,TRZ-MUM-TOT,Everyday Tote,Qikink,TO CONFIRM,"studio render (temporary, mock only)",Styled image on the family colour,Sample photography (flat-lay / styled),P2 — after launch,open
mock-assets/visuals/products/mumbai-made-tumbler/01-studio.webp,product image,Shopify product media #01,mumbai-made-tumbler,TRZ-MUM-TMB,20oz Tumbler,Qikink,TO CONFIRM,"studio render (temporary, mock only)","Main product image: front, on the confirmed blank",Supplier designer mockup (front),P0 — before launch,open
mock-assets/visuals/products/mumbai-made-tumbler/02-detail.webp,product image,Shopify product media #02,mumbai-made-tumbler,TRZ-MUM-TMB,20oz Tumbler,Qikink,TO CONFIRM,"studio render (temporary, mock only)",Print close-up showing fabric/material,Supplier close-up mockup or sample photo,P1 — before launch if available,open
mock-assets/visuals/products/mumbai-made-tumbler/03-editorial.webp,product image,Shopify product media #03,mumbai-made-tumbler,TRZ-MUM-TMB,20oz Tumbler,Qikink,TO CONFIRM,"studio render (temporary, mock only)",Styled image on the family colour,Sample photography (flat-lay / styled),P2 — after launch,open
mock-assets/visuals/products/local-life-oversized-tee/01-studio.webp,product image,Shopify product media #01,local-life-oversized-tee,TRZ-LOC-TEE-S TRZ-LOC-TEE-M TRZ-LOC-TEE-L TRZ-LOC-TEE-XL TRZ-LOC-TEE-XXL,Premium Oversized Tee,Printrove,TO CONFIRM,"studio render (temporary, mock only)","Main product image: front, on the confirmed blank",Supplier designer mockup (front),P0 — before launch,open
mock-assets/visuals/products/local-life-oversized-tee/02-detail.webp,product image,Shopify product media #02,local-life-oversized-tee,TRZ-LOC-TEE-S TRZ-LOC-TEE-M TRZ-LOC-TEE-L TRZ-LOC-TEE-XL TRZ-LOC-TEE-XXL,Premium Oversized Tee,Printrove,TO CONFIRM,"studio render (temporary, mock only)",Print close-up showing fabric/material,Supplier close-up mockup or sample photo,P1 — before launch if available,open
mock-assets/visuals/products/local-life-oversized-tee/03-editorial.webp,product image,Shopify product media #03,local-life-oversized-tee,TRZ-LOC-TEE-S TRZ-LOC-TEE-M TRZ-LOC-TEE-L TRZ-LOC-TEE-XL TRZ-LOC-TEE-XXL,Premium Oversized Tee,Printrove,TO CONFIRM,"studio render (temporary, mock only)",Styled image on the family colour,Sample photography (flat-lay / styled),P2 — after launch,open
mock-assets/visuals/products/local-life-tote/01-studio.webp,product image,Shopify product media #01,local-life-tote,TRZ-LOC-TOT,Everyday Tote,Qikink,TO CONFIRM,"studio render (temporary, mock only)","Main product image: front, on the confirmed blank",Supplier designer mockup (front),P0 — before launch,open
mock-assets/visuals/products/local-life-tote/02-detail.webp,product image,Shopify product media #02,local-life-tote,TRZ-LOC-TOT,Everyday Tote,Qikink,TO CONFIRM,"studio render (temporary, mock only)",Print close-up showing fabric/material,Supplier close-up mockup or sample photo,P1 — before launch if available,open
mock-assets/visuals/products/local-life-tote/03-editorial.webp,product image,Shopify product media #03,local-life-tote,TRZ-LOC-TOT,Everyday Tote,Qikink,TO CONFIRM,"studio render (temporary, mock only)",Styled image on the family colour,Sample photography (flat-lay / styled),P2 — after launch,open
mock-assets/visuals/products/local-life-tumbler/01-studio.webp,product image,Shopify product media #01,local-life-tumbler,TRZ-LOC-TMB,20oz Tumbler,Qikink,TO CONFIRM,"studio render (temporary, mock only)","Main product image: front, on the confirmed blank",Supplier designer mockup (front),P0 — before launch,open
mock-assets/visuals/products/local-life-tumbler/02-detail.webp,product image,Shopify product media #02,local-life-tumbler,TRZ-LOC-TMB,20oz Tumbler,Qikink,TO CONFIRM,"studio render (temporary, mock only)",Print close-up showing fabric/material,Supplier close-up mockup or sample photo,P1 — before launch if available,open
mock-assets/visuals/products/local-life-tumbler/03-editorial.webp,product image,Shopify product media #03,local-life-tumbler,TRZ-LOC-TMB,20oz Tumbler,Qikink,TO CONFIRM,"studio render (temporary, mock only)",Styled image on the family colour,Sample photography (flat-lay / styled),P2 — after launch,open
mock-assets/visuals/products/corporate-survivor-oversized-tee/01-studio.webp,product image,Shopify product media #01,corporate-survivor-oversized-tee,TRZ-COR-TEE-S TRZ-COR-TEE-M TRZ-COR-TEE-L TRZ-COR-TEE-XL TRZ-COR-TEE-XXL,Premium Oversized Tee,Printrove,TO CONFIRM,"studio render (temporary, mock only)","Main product image: front, on the confirmed blank",Supplier designer mockup (front),P0 — before launch,open
mock-assets/visuals/products/corporate-survivor-oversized-tee/02-detail.webp,product image,Shopify product media #02,corporate-survivor-oversized-tee,TRZ-COR-TEE-S TRZ-COR-TEE-M TRZ-COR-TEE-L TRZ-COR-TEE-XL TRZ-COR-TEE-XXL,Premium Oversized Tee,Printrove,TO CONFIRM,"studio render (temporary, mock only)",Print close-up showing fabric/material,Supplier close-up mockup or sample photo,P1 — before launch if available,open
mock-assets/visuals/products/corporate-survivor-oversized-tee/03-editorial.webp,product image,Shopify product media #03,corporate-survivor-oversized-tee,TRZ-COR-TEE-S TRZ-COR-TEE-M TRZ-COR-TEE-L TRZ-COR-TEE-XL TRZ-COR-TEE-XXL,Premium Oversized Tee,Printrove,TO CONFIRM,"studio render (temporary, mock only)",Styled image on the family colour,Sample photography (flat-lay / styled),P2 — after launch,open
mock-assets/visuals/products/corporate-survivor-tote/01-studio.webp,product image,Shopify product media #01,corporate-survivor-tote,TRZ-COR-TOT,Everyday Tote,Qikink,TO CONFIRM,"studio render (temporary, mock only)","Main product image: front, on the confirmed blank",Supplier designer mockup (front),P0 — before launch,open
mock-assets/visuals/products/corporate-survivor-tote/02-detail.webp,product image,Shopify product media #02,corporate-survivor-tote,TRZ-COR-TOT,Everyday Tote,Qikink,TO CONFIRM,"studio render (temporary, mock only)",Print close-up showing fabric/material,Supplier close-up mockup or sample photo,P1 — before launch if available,open
mock-assets/visuals/products/corporate-survivor-tote/03-editorial.webp,product image,Shopify product media #03,corporate-survivor-tote,TRZ-COR-TOT,Everyday Tote,Qikink,TO CONFIRM,"studio render (temporary, mock only)",Styled image on the family colour,Sample photography (flat-lay / styled),P2 — after launch,open
mock-assets/visuals/products/corporate-survivor-tumbler/01-studio.webp,product image,Shopify product media #01,corporate-survivor-tumbler,TRZ-COR-TMB,20oz Tumbler,Qikink,TO CONFIRM,"studio render (temporary, mock only)","Main product image: front, on the confirmed blank",Supplier designer mockup (front),P0 — before launch,open
mock-assets/visuals/products/corporate-survivor-tumbler/02-detail.webp,product image,Shopify product media #02,corporate-survivor-tumbler,TRZ-COR-TMB,20oz Tumbler,Qikink,TO CONFIRM,"studio render (temporary, mock only)",Print close-up showing fabric/material,Supplier close-up mockup or sample photo,P1 — before launch if available,open
mock-assets/visuals/products/corporate-survivor-tumbler/03-editorial.webp,product image,Shopify product media #03,corporate-survivor-tumbler,TRZ-COR-TMB,20oz Tumbler,Qikink,TO CONFIRM,"studio render (temporary, mock only)",Styled image on the family colour,Sample photography (flat-lay / styled),P2 — after launch,open
mock-assets/visuals/products/coffee-personality-oversized-tee/01-studio.webp,product image,Shopify product media #01,coffee-personality-oversized-tee,TRZ-COF-TEE-S TRZ-COF-TEE-M TRZ-COF-TEE-L TRZ-COF-TEE-XL TRZ-COF-TEE-XXL,Premium Oversized Tee,Printrove,TO CONFIRM,"studio render (temporary, mock only)","Main product image: front, on the confirmed blank",Supplier designer mockup (front),P0 — before launch,open
mock-assets/visuals/products/coffee-personality-oversized-tee/02-detail.webp,product image,Shopify product media #02,coffee-personality-oversized-tee,TRZ-COF-TEE-S TRZ-COF-TEE-M TRZ-COF-TEE-L TRZ-COF-TEE-XL TRZ-COF-TEE-XXL,Premium Oversized Tee,Printrove,TO CONFIRM,"studio render (temporary, mock only)",Print close-up showing fabric/material,Supplier close-up mockup or sample photo,P1 — before launch if available,open
mock-assets/visuals/products/coffee-personality-oversized-tee/03-editorial.webp,product image,Shopify product media #03,coffee-personality-oversized-tee,TRZ-COF-TEE-S TRZ-COF-TEE-M TRZ-COF-TEE-L TRZ-COF-TEE-XL TRZ-COF-TEE-XXL,Premium Oversized Tee,Printrove,TO CONFIRM,"studio render (temporary, mock only)",Styled image on the family colour,Sample photography (flat-lay / styled),P2 — after launch,open
mock-assets/visuals/products/coffee-personality-tote/01-studio.webp,product image,Shopify product media #01,coffee-personality-tote,TRZ-COF-TOT,Everyday Tote,Qikink,TO CONFIRM,"studio render (temporary, mock only)","Main product image: front, on the confirmed blank",Supplier designer mockup (front),P0 — before launch,open
mock-assets/visuals/products/coffee-personality-tote/02-detail.webp,product image,Shopify product media #02,coffee-personality-tote,TRZ-COF-TOT,Everyday Tote,Qikink,TO CONFIRM,"studio render (temporary, mock only)",Print close-up showing fabric/material,Supplier close-up mockup or sample photo,P1 — before launch if available,open
mock-assets/visuals/products/coffee-personality-tote/03-editorial.webp,product image,Shopify product media #03,coffee-personality-tote,TRZ-COF-TOT,Everyday Tote,Qikink,TO CONFIRM,"studio render (temporary, mock only)",Styled image on the family colour,Sample photography (flat-lay / styled),P2 — after launch,open
mock-assets/visuals/products/coffee-personality-tumbler/01-studio.webp,product image,Shopify product media #01,coffee-personality-tumbler,TRZ-COF-TMB,20oz Tumbler,Qikink,TO CONFIRM,"studio render (temporary, mock only)","Main product image: front, on the confirmed blank",Supplier designer mockup (front),P0 — before launch,open
mock-assets/visuals/products/coffee-personality-tumbler/02-detail.webp,product image,Shopify product media #02,coffee-personality-tumbler,TRZ-COF-TMB,20oz Tumbler,Qikink,TO CONFIRM,"studio render (temporary, mock only)",Print close-up showing fabric/material,Supplier close-up mockup or sample photo,P1 — before launch if available,open
mock-assets/visuals/products/coffee-personality-tumbler/03-editorial.webp,product image,Shopify product media #03,coffee-personality-tumbler,TRZ-COF-TMB,20oz Tumbler,Qikink,TO CONFIRM,"studio render (temporary, mock only)",Styled image on the family colour,Sample photography (flat-lay / styled),P2 — after launch,open
mock-assets/visuals/products/bestie-energy-oversized-tee/01-studio.webp,product image,Shopify product media #01,bestie-energy-oversized-tee,TRZ-BES-TEE-S TRZ-BES-TEE-M TRZ-BES-TEE-L TRZ-BES-TEE-XL TRZ-BES-TEE-XXL,Premium Oversized Tee,Printrove,TO CONFIRM,"studio render (temporary, mock only)","Main product image: front, on the confirmed blank",Supplier designer mockup (front),P0 — before launch,open
mock-assets/visuals/products/bestie-energy-oversized-tee/02-detail.webp,product image,Shopify product media #02,bestie-energy-oversized-tee,TRZ-BES-TEE-S TRZ-BES-TEE-M TRZ-BES-TEE-L TRZ-BES-TEE-XL TRZ-BES-TEE-XXL,Premium Oversized Tee,Printrove,TO CONFIRM,"studio render (temporary, mock only)",Print close-up showing fabric/material,Supplier close-up mockup or sample photo,P1 — before launch if available,open
mock-assets/visuals/products/bestie-energy-oversized-tee/03-editorial.webp,product image,Shopify product media #03,bestie-energy-oversized-tee,TRZ-BES-TEE-S TRZ-BES-TEE-M TRZ-BES-TEE-L TRZ-BES-TEE-XL TRZ-BES-TEE-XXL,Premium Oversized Tee,Printrove,TO CONFIRM,"studio render (temporary, mock only)",Styled image on the family colour,Sample photography (flat-lay / styled),P2 — after launch,open
mock-assets/visuals/products/bestie-energy-tote/01-studio.webp,product image,Shopify product media #01,bestie-energy-tote,TRZ-BES-TOT,Everyday Tote,Qikink,TO CONFIRM,"studio render (temporary, mock only)","Main product image: front, on the confirmed blank",Supplier designer mockup (front),P0 — before launch,open
mock-assets/visuals/products/bestie-energy-tote/02-detail.webp,product image,Shopify product media #02,bestie-energy-tote,TRZ-BES-TOT,Everyday Tote,Qikink,TO CONFIRM,"studio render (temporary, mock only)",Print close-up showing fabric/material,Supplier close-up mockup or sample photo,P1 — before launch if available,open
mock-assets/visuals/products/bestie-energy-tote/03-editorial.webp,product image,Shopify product media #03,bestie-energy-tote,TRZ-BES-TOT,Everyday Tote,Qikink,TO CONFIRM,"studio render (temporary, mock only)",Styled image on the family colour,Sample photography (flat-lay / styled),P2 — after launch,open
mock-assets/visuals/products/bestie-energy-tumbler/01-studio.webp,product image,Shopify product media #01,bestie-energy-tumbler,TRZ-BES-TMB,20oz Tumbler,Qikink,TO CONFIRM,"studio render (temporary, mock only)","Main product image: front, on the confirmed blank",Supplier designer mockup (front),P0 — before launch,open
mock-assets/visuals/products/bestie-energy-tumbler/02-detail.webp,product image,Shopify product media #02,bestie-energy-tumbler,TRZ-BES-TMB,20oz Tumbler,Qikink,TO CONFIRM,"studio render (temporary, mock only)",Print close-up showing fabric/material,Supplier close-up mockup or sample photo,P1 — before launch if available,open
mock-assets/visuals/products/bestie-energy-tumbler/03-editorial.webp,product image,Shopify product media #03,bestie-energy-tumbler,TRZ-BES-TMB,20oz Tumbler,Qikink,TO CONFIRM,"studio render (temporary, mock only)",Styled image on the family colour,Sample photography (flat-lay / styled),P2 — after launch,open
mock-assets/visuals/products/pet-parent-oversized-tee/01-studio.webp,product image,Shopify product media #01,pet-parent-oversized-tee,TRZ-PET-TEE-S TRZ-PET-TEE-M TRZ-PET-TEE-L TRZ-PET-TEE-XL TRZ-PET-TEE-XXL,Premium Oversized Tee,Printrove,TO CONFIRM,"studio render (temporary, mock only)","Main product image: front, on the confirmed blank",Supplier designer mockup (front),P0 — before launch,open
mock-assets/visuals/products/pet-parent-oversized-tee/02-detail.webp,product image,Shopify product media #02,pet-parent-oversized-tee,TRZ-PET-TEE-S TRZ-PET-TEE-M TRZ-PET-TEE-L TRZ-PET-TEE-XL TRZ-PET-TEE-XXL,Premium Oversized Tee,Printrove,TO CONFIRM,"studio render (temporary, mock only)",Print close-up showing fabric/material,Supplier close-up mockup or sample photo,P1 — before launch if available,open
mock-assets/visuals/products/pet-parent-oversized-tee/03-editorial.webp,product image,Shopify product media #03,pet-parent-oversized-tee,TRZ-PET-TEE-S TRZ-PET-TEE-M TRZ-PET-TEE-L TRZ-PET-TEE-XL TRZ-PET-TEE-XXL,Premium Oversized Tee,Printrove,TO CONFIRM,"studio render (temporary, mock only)",Styled image on the family colour,Sample photography (flat-lay / styled),P2 — after launch,open
mock-assets/visuals/products/pet-parent-tote/01-studio.webp,product image,Shopify product media #01,pet-parent-tote,TRZ-PET-TOT,Everyday Tote,Qikink,TO CONFIRM,"studio render (temporary, mock only)","Main product image: front, on the confirmed blank",Supplier designer mockup (front),P0 — before launch,open
mock-assets/visuals/products/pet-parent-tote/02-detail.webp,product image,Shopify product media #02,pet-parent-tote,TRZ-PET-TOT,Everyday Tote,Qikink,TO CONFIRM,"studio render (temporary, mock only)",Print close-up showing fabric/material,Supplier close-up mockup or sample photo,P1 — before launch if available,open
mock-assets/visuals/products/pet-parent-tote/03-editorial.webp,product image,Shopify product media #03,pet-parent-tote,TRZ-PET-TOT,Everyday Tote,Qikink,TO CONFIRM,"studio render (temporary, mock only)",Styled image on the family colour,Sample photography (flat-lay / styled),P2 — after launch,open
mock-assets/visuals/products/pet-parent-tumbler/01-studio.webp,product image,Shopify product media #01,pet-parent-tumbler,TRZ-PET-TMB,20oz Tumbler,Qikink,TO CONFIRM,"studio render (temporary, mock only)","Main product image: front, on the confirmed blank",Supplier designer mockup (front),P0 — before launch,open
mock-assets/visuals/products/pet-parent-tumbler/02-detail.webp,product image,Shopify product media #02,pet-parent-tumbler,TRZ-PET-TMB,20oz Tumbler,Qikink,TO CONFIRM,"studio render (temporary, mock only)",Print close-up showing fabric/material,Supplier close-up mockup or sample photo,P1 — before launch if available,open
mock-assets/visuals/products/pet-parent-tumbler/03-editorial.webp,product image,Shopify product media #03,pet-parent-tumbler,TRZ-PET-TMB,20oz Tumbler,Qikink,TO CONFIRM,"studio render (temporary, mock only)",Styled image on the family colour,Sample photography (flat-lay / styled),P2 — after launch,open
mock-assets/visuals/products/campus-energy-oversized-tee/01-studio.webp,product image,Shopify product media #01,campus-energy-oversized-tee,TRZ-CAM-TEE-S TRZ-CAM-TEE-M TRZ-CAM-TEE-L TRZ-CAM-TEE-XL TRZ-CAM-TEE-XXL,Premium Oversized Tee,Printrove,TO CONFIRM,"studio render (temporary, mock only)","Main product image: front, on the confirmed blank",Supplier designer mockup (front),P0 — before launch,open
mock-assets/visuals/products/campus-energy-oversized-tee/02-detail.webp,product image,Shopify product media #02,campus-energy-oversized-tee,TRZ-CAM-TEE-S TRZ-CAM-TEE-M TRZ-CAM-TEE-L TRZ-CAM-TEE-XL TRZ-CAM-TEE-XXL,Premium Oversized Tee,Printrove,TO CONFIRM,"studio render (temporary, mock only)",Print close-up showing fabric/material,Supplier close-up mockup or sample photo,P1 — before launch if available,open
mock-assets/visuals/products/campus-energy-oversized-tee/03-editorial.webp,product image,Shopify product media #03,campus-energy-oversized-tee,TRZ-CAM-TEE-S TRZ-CAM-TEE-M TRZ-CAM-TEE-L TRZ-CAM-TEE-XL TRZ-CAM-TEE-XXL,Premium Oversized Tee,Printrove,TO CONFIRM,"studio render (temporary, mock only)",Styled image on the family colour,Sample photography (flat-lay / styled),P2 — after launch,open
mock-assets/visuals/products/campus-energy-tote/01-studio.webp,product image,Shopify product media #01,campus-energy-tote,TRZ-CAM-TOT,Everyday Tote,Qikink,TO CONFIRM,"studio render (temporary, mock only)","Main product image: front, on the confirmed blank",Supplier designer mockup (front),P0 — before launch,open
mock-assets/visuals/products/campus-energy-tote/02-detail.webp,product image,Shopify product media #02,campus-energy-tote,TRZ-CAM-TOT,Everyday Tote,Qikink,TO CONFIRM,"studio render (temporary, mock only)",Print close-up showing fabric/material,Supplier close-up mockup or sample photo,P1 — before launch if available,open
mock-assets/visuals/products/campus-energy-tote/03-editorial.webp,product image,Shopify product media #03,campus-energy-tote,TRZ-CAM-TOT,Everyday Tote,Qikink,TO CONFIRM,"studio render (temporary, mock only)",Styled image on the family colour,Sample photography (flat-lay / styled),P2 — after launch,open
mock-assets/visuals/products/campus-energy-tumbler/01-studio.webp,product image,Shopify product media #01,campus-energy-tumbler,TRZ-CAM-TMB,20oz Tumbler,Qikink,TO CONFIRM,"studio render (temporary, mock only)","Main product image: front, on the confirmed blank",Supplier designer mockup (front),P0 — before launch,open
mock-assets/visuals/products/campus-energy-tumbler/02-detail.webp,product image,Shopify product media #02,campus-energy-tumbler,TRZ-CAM-TMB,20oz Tumbler,Qikink,TO CONFIRM,"studio render (temporary, mock only)",Print close-up showing fabric/material,Supplier close-up mockup or sample photo,P1 — before launch if available,open
mock-assets/visuals/products/campus-energy-tumbler/03-editorial.webp,product image,Shopify product media #03,campus-energy-tumbler,TRZ-CAM-TMB,20oz Tumbler,Qikink,TO CONFIRM,"studio render (temporary, mock only)",Styled image on the family colour,Sample photography (flat-lay / styled),P2 — after launch,open
mock-assets/visuals/products/desi-roots-oversized-tee/01-studio.webp,product image,Shopify product media #01,desi-roots-oversized-tee,TRZ-DES-TEE-S TRZ-DES-TEE-M TRZ-DES-TEE-L TRZ-DES-TEE-XL TRZ-DES-TEE-XXL,Premium Oversized Tee,Printrove,TO CONFIRM,"studio render (temporary, mock only)","Main product image: front, on the confirmed blank",Supplier designer mockup (front),P0 — before launch,open
mock-assets/visuals/products/desi-roots-oversized-tee/02-detail.webp,product image,Shopify product media #02,desi-roots-oversized-tee,TRZ-DES-TEE-S TRZ-DES-TEE-M TRZ-DES-TEE-L TRZ-DES-TEE-XL TRZ-DES-TEE-XXL,Premium Oversized Tee,Printrove,TO CONFIRM,"studio render (temporary, mock only)",Print close-up showing fabric/material,Supplier close-up mockup or sample photo,P1 — before launch if available,open
mock-assets/visuals/products/desi-roots-oversized-tee/03-editorial.webp,product image,Shopify product media #03,desi-roots-oversized-tee,TRZ-DES-TEE-S TRZ-DES-TEE-M TRZ-DES-TEE-L TRZ-DES-TEE-XL TRZ-DES-TEE-XXL,Premium Oversized Tee,Printrove,TO CONFIRM,"studio render (temporary, mock only)",Styled image on the family colour,Sample photography (flat-lay / styled),P2 — after launch,open
mock-assets/visuals/products/desi-roots-tote/01-studio.webp,product image,Shopify product media #01,desi-roots-tote,TRZ-DES-TOT,Everyday Tote,Qikink,TO CONFIRM,"studio render (temporary, mock only)","Main product image: front, on the confirmed blank",Supplier designer mockup (front),P0 — before launch,open
mock-assets/visuals/products/desi-roots-tote/02-detail.webp,product image,Shopify product media #02,desi-roots-tote,TRZ-DES-TOT,Everyday Tote,Qikink,TO CONFIRM,"studio render (temporary, mock only)",Print close-up showing fabric/material,Supplier close-up mockup or sample photo,P1 — before launch if available,open
mock-assets/visuals/products/desi-roots-tote/03-editorial.webp,product image,Shopify product media #03,desi-roots-tote,TRZ-DES-TOT,Everyday Tote,Qikink,TO CONFIRM,"studio render (temporary, mock only)",Styled image on the family colour,Sample photography (flat-lay / styled),P2 — after launch,open
mock-assets/visuals/products/desi-roots-tumbler/01-studio.webp,product image,Shopify product media #01,desi-roots-tumbler,TRZ-DES-TMB,20oz Tumbler,Qikink,TO CONFIRM,"studio render (temporary, mock only)","Main product image: front, on the confirmed blank",Supplier designer mockup (front),P0 — before launch,open
mock-assets/visuals/products/desi-roots-tumbler/02-detail.webp,product image,Shopify product media #02,desi-roots-tumbler,TRZ-DES-TMB,20oz Tumbler,Qikink,TO CONFIRM,"studio render (temporary, mock only)",Print close-up showing fabric/material,Supplier close-up mockup or sample photo,P1 — before launch if available,open
mock-assets/visuals/products/desi-roots-tumbler/03-editorial.webp,product image,Shopify product media #03,desi-roots-tumbler,TRZ-DES-TMB,20oz Tumbler,Qikink,TO CONFIRM,"studio render (temporary, mock only)",Styled image on the family colour,Sample photography (flat-lay / styled),P2 — after launch,open
public/visuals/editorial/hero-portrait.webp,editorial,"Homepage hero, About hero",,,,,,studio render (ships with the site),"Drop 01 campaign photo: Mumbai Made tee + tote + tumbler, 4:5",Photo shoot with supplier samples,P1 — launch decision (see LAUNCH-BLOCKERS.md),open
public/visuals/editorial/hero-wide.webp,editorial,Mumbai Made collection banner,,,,,,studio render (ships with the site),"Drop 01 campaign photo, 16:9",Photo shoot with supplier samples,P1 — launch decision (see LAUNCH-BLOCKERS.md),open
public/visuals/editorial/drop01-detail.webp,editorial,"Homepage Drop 01 band, Drops banner",,,,,,studio render (ships with the site),"Macro photo of the Mumbai Made print on the real tee, 16:9",Photo shoot with supplier samples,P1 — launch decision (see LAUNCH-BLOCKERS.md),open
public/visuals/editorial/mumbai-made-set.webp,editorial,"Homepage personality card, /designs/mumbai-made hero",,,,,,studio render (ships with the site),"Mumbai Made styled set (tee + tote + tumbler) on #B4432C, 4:5",Photo shoot with supplier samples,P1 — launch decision (see LAUNCH-BLOCKERS.md),open
public/visuals/editorial/local-life-set.webp,editorial,"Homepage personality card, /designs/local-life hero",,,,,,studio render (ships with the site),"Local Life styled set (tee + tote + tumbler) on #D3A23B, 4:5",Photo shoot with supplier samples,P1 — launch decision (see LAUNCH-BLOCKERS.md),open
public/visuals/editorial/corporate-survivor-set.webp,editorial,"Homepage personality card, /designs/corporate-survivor hero",,,,,,studio render (ships with the site),"Corporate Survivor styled set (tee + tote + tumbler) on #2E3A4B, 4:5",Photo shoot with supplier samples,P1 — launch decision (see LAUNCH-BLOCKERS.md),open
public/visuals/editorial/coffee-personality-set.webp,editorial,"Homepage personality card, /designs/coffee-personality hero",,,,,,studio render (ships with the site),"Coffee Personality styled set (tee + tote + tumbler) on #5B3A29, 4:5",Photo shoot with supplier samples,P1 — launch decision (see LAUNCH-BLOCKERS.md),open
public/visuals/editorial/bestie-energy-set.webp,editorial,"Homepage personality card, /designs/bestie-energy hero",,,,,,studio render (ships with the site),"Bestie Energy styled set (tee + tote + tumbler) on #DFA3AE, 4:5",Photo shoot with supplier samples,P1 — launch decision (see LAUNCH-BLOCKERS.md),open
public/visuals/editorial/pet-parent-set.webp,editorial,"Homepage personality card, /designs/pet-parent hero",,,,,,studio render (ships with the site),"Pet Parent styled set (tee + tote + tumbler) on #6C8466, 4:5",Photo shoot with supplier samples,P1 — launch decision (see LAUNCH-BLOCKERS.md),open
public/visuals/editorial/campus-energy-set.webp,editorial,"Homepage personality card, /designs/campus-energy hero",,,,,,studio render (ships with the site),"Campus Energy styled set (tee + tote + tumbler) on #2E4593, 4:5",Photo shoot with supplier samples,P1 — launch decision (see LAUNCH-BLOCKERS.md),open
public/visuals/editorial/desi-roots-set.webp,editorial,"Homepage personality card, /designs/desi-roots hero",,,,,,studio render (ships with the site),"Desi Roots styled set (tee + tote + tumbler) on #1E5B57, 4:5",Photo shoot with supplier samples,P1 — launch decision (see LAUNCH-BLOCKERS.md),open
