Handle,Title,Body (HTML),Vendor,Type,Tags,Published,Option1 Name,Option1 Value,Variant SKU,Variant Grams,Variant Inventory Tracker,Variant Inventory Policy,Variant Fulfillment Service,Variant Price,Variant Compare At Price,Variant Requires Shipping,Variant Taxable,SEO Title,SEO Description,Status
mumbai-made-oversized-tee,Mumbai Made — Premium Oversized Tee,"<p>Two words, one city. For everyone Mumbai raised, wherever life goes next.</p><p>A relaxed, boxy oversized tee in soft 100% cotton.</p>",Trenzora,T-Shirt,"design:mumbai-made, type:oversized-tee, drop:01, col:mumbai-made, col:drops, col:trending, col:gifts",FALSE,Size,S,TRZ-MUM-TEE-S,300,,continue,manual,999.00,,TRUE,TRUE,Mumbai Made — Premium Oversized Tee | Trenzora,"Built here. Worn everywhere. A relaxed, boxy oversized tee in soft 100% cotton. Original Trenzora design, made to order in India.",draft
mumbai-made-oversized-tee,,,,,,,,M,TRZ-MUM-TEE-M,300,,continue,manual,999.00,,TRUE,TRUE,,,
mumbai-made-oversized-tee,,,,,,,,L,TRZ-MUM-TEE-L,300,,continue,manual,999.00,,TRUE,TRUE,,,
mumbai-made-oversized-tee,,,,,,,,XL,TRZ-MUM-TEE-XL,300,,continue,manual,999.00,,TRUE,TRUE,,,
mumbai-made-oversized-tee,,,,,,,,XXL,TRZ-MUM-TEE-XXL,300,,continue,manual,999.00,,TRUE,TRUE,,,
mumbai-made-tote,Mumbai Made — Everyday Tote,"<p>Two words, one city. For everyone Mumbai raised, wherever life goes next.</p><p>A sturdy cotton canvas tote with long handles — laptop, groceries, life.</p>",Trenzora,Tote Bag,"design:mumbai-made, type:tote, drop:01, col:mumbai-made, col:drops, col:trending, col:gifts",FALSE,Title,Default Title,TRZ-MUM-TOT,200,,continue,manual,599.00,,TRUE,TRUE,Mumbai Made — Everyday Tote | Trenzora,"Built here. Worn everywhere. A sturdy cotton canvas tote with long handles — laptop, groceries, life. Original Trenzora design, made to order in India.",draft
mumbai-made-tumbler,Mumbai Made — 20oz Tumbler,"<p>Two words, one city. For everyone Mumbai raised, wherever life goes next.</p><p>A 20oz insulated stainless steel tumbler with the design printed front and centre.</p>",Trenzora,Tumbler,"design:mumbai-made, type:tumbler, drop:01, col:mumbai-made, col:drops, col:trending, col:gifts",FALSE,Title,Default Title,TRZ-MUM-TMB,450,,continue,manual,1099.00,,TRUE,TRUE,Mumbai Made — 20oz Tumbler | Trenzora,Built here. Worn everywhere. A 20oz insulated stainless steel tumbler with the design printed front and centre. Made to order in India.,draft
local-life-oversized-tee,Local Life — Premium Oversized Tee,"<p>The fast local, the window seat you fought for, the compartment that knows your face. For the legends of the line.</p><p>A relaxed, boxy oversized tee in soft 100% cotton.</p>",Trenzora,T-Shirt,"design:local-life, type:oversized-tee, drop:01, col:mumbai-made, col:drops",FALSE,Size,S,TRZ-LOC-TEE-S,300,,continue,manual,999.00,,TRUE,TRUE,Local Life — Premium Oversized Tee | Trenzora,"Different station. Same story. A relaxed, boxy oversized tee in soft 100% cotton. Original Trenzora design, made to order in India.",draft
local-life-oversized-tee,,,,,,,,M,TRZ-LOC-TEE-M,300,,continue,manual,999.00,,TRUE,TRUE,,,
local-life-oversized-tee,,,,,,,,L,TRZ-LOC-TEE-L,300,,continue,manual,999.00,,TRUE,TRUE,,,
local-life-oversized-tee,,,,,,,,XL,TRZ-LOC-TEE-XL,300,,continue,manual,999.00,,TRUE,TRUE,,,
local-life-oversized-tee,,,,,,,,XXL,TRZ-LOC-TEE-XXL,300,,continue,manual,999.00,,TRUE,TRUE,,,
local-life-tote,Local Life — Everyday Tote,"<p>The fast local, the window seat you fought for, the compartment that knows your face. For the legends of the line.</p><p>A sturdy cotton canvas tote with long handles — laptop, groceries, life.</p>",Trenzora,Tote Bag,"design:local-life, type:tote, drop:01, col:mumbai-made, col:drops",FALSE,Title,Default Title,TRZ-LOC-TOT,200,,continue,manual,599.00,,TRUE,TRUE,Local Life — Everyday Tote | Trenzora,"Different station. Same story. A sturdy cotton canvas tote with long handles — laptop, groceries, life. Original Trenzora design, made to order in India.",draft
local-life-tumbler,Local Life — 20oz Tumbler,"<p>The fast local, the window seat you fought for, the compartment that knows your face. For the legends of the line.</p><p>A 20oz insulated stainless steel tumbler with the design printed front and centre.</p>",Trenzora,Tumbler,"design:local-life, type:tumbler, drop:01, col:mumbai-made, col:drops",FALSE,Title,Default Title,TRZ-LOC-TMB,450,,continue,manual,1099.00,,TRUE,TRUE,Local Life — 20oz Tumbler | Trenzora,Different station. Same story. A 20oz insulated stainless steel tumbler with the design printed front and centre. Made to order in India.,draft
corporate-survivor-oversized-tee,Corporate Survivor — Premium Oversized Tee,"<p>Back-to-back calls, a calendar with no gaps. For everyone still standing.</p><p>A relaxed, boxy oversized tee in soft 100% cotton.</p>",Trenzora,T-Shirt,"design:corporate-survivor, type:oversized-tee, drop:01, col:drops, col:trending, col:gifts",FALSE,Size,S,TRZ-COR-TEE-S,300,,continue,manual,999.00,,TRUE,TRUE,Corporate Survivor — Premium Oversized Tee | Trenzora,"This meeting could have been an email. A relaxed, boxy oversized tee in soft 100% cotton. Original Trenzora design, made to order in India.",draft
corporate-survivor-oversized-tee,,,,,,,,M,TRZ-COR-TEE-M,300,,continue,manual,999.00,,TRUE,TRUE,,,
corporate-survivor-oversized-tee,,,,,,,,L,TRZ-COR-TEE-L,300,,continue,manual,999.00,,TRUE,TRUE,,,
corporate-survivor-oversized-tee,,,,,,,,XL,TRZ-COR-TEE-XL,300,,continue,manual,999.00,,TRUE,TRUE,,,
corporate-survivor-oversized-tee,,,,,,,,XXL,TRZ-COR-TEE-XXL,300,,continue,manual,999.00,,TRUE,TRUE,,,
corporate-survivor-tote,Corporate Survivor — Everyday Tote,"<p>Back-to-back calls, a calendar with no gaps. For everyone still standing.</p><p>A sturdy cotton canvas tote with long handles — laptop, groceries, life.</p>",Trenzora,Tote Bag,"design:corporate-survivor, type:tote, drop:01, col:drops, col:trending, col:gifts",FALSE,Title,Default Title,TRZ-COR-TOT,200,,continue,manual,599.00,,TRUE,TRUE,Corporate Survivor — Everyday Tote | Trenzora,"This meeting could have been an email. A sturdy cotton canvas tote with long handles — laptop, groceries, life. Made to order in India.",draft
corporate-survivor-tumbler,Corporate Survivor — 20oz Tumbler,"<p>Back-to-back calls, a calendar with no gaps. For everyone still standing.</p><p>A 20oz insulated stainless steel tumbler with the design printed front and centre.</p>",Trenzora,Tumbler,"design:corporate-survivor, type:tumbler, drop:01, col:drops, col:trending, col:gifts",FALSE,Title,Default Title,TRZ-COR-TMB,450,,continue,manual,1099.00,,TRUE,TRUE,Corporate Survivor — 20oz Tumbler | Trenzora,This meeting could have been an email. A 20oz insulated stainless steel tumbler with the design printed front and centre. Made to order in India.,draft
coffee-personality-oversized-tee,Coffee Personality — Premium Oversized Tee,"<p>Every plan worth making started over a cup. Membership to the Bombay Coffee Club.</p><p>A relaxed, boxy oversized tee in soft 100% cotton.</p>",Trenzora,T-Shirt,"design:coffee-personality, type:oversized-tee, drop:01, col:mumbai-made, col:drops, col:trending, col:gifts",FALSE,Size,S,TRZ-COF-TEE-S,300,,continue,manual,999.00,,TRUE,TRUE,Coffee Personality — Premium Oversized Tee | Trenzora,"Good ideas start with coffee. A relaxed, boxy oversized tee in soft 100% cotton. Original Trenzora design, made to order in India.",draft
coffee-personality-oversized-tee,,,,,,,,M,TRZ-COF-TEE-M,300,,continue,manual,999.00,,TRUE,TRUE,,,
coffee-personality-oversized-tee,,,,,,,,L,TRZ-COF-TEE-L,300,,continue,manual,999.00,,TRUE,TRUE,,,
coffee-personality-oversized-tee,,,,,,,,XL,TRZ-COF-TEE-XL,300,,continue,manual,999.00,,TRUE,TRUE,,,
coffee-personality-oversized-tee,,,,,,,,XXL,TRZ-COF-TEE-XXL,300,,continue,manual,999.00,,TRUE,TRUE,,,
coffee-personality-tote,Coffee Personality — Everyday Tote,"<p>Every plan worth making started over a cup. Membership to the Bombay Coffee Club.</p><p>A sturdy cotton canvas tote with long handles — laptop, groceries, life.</p>",Trenzora,Tote Bag,"design:coffee-personality, type:tote, drop:01, col:mumbai-made, col:drops, col:trending, col:gifts",FALSE,Title,Default Title,TRZ-COF-TOT,200,,continue,manual,599.00,,TRUE,TRUE,Coffee Personality — Everyday Tote | Trenzora,"Good ideas start with coffee. A sturdy cotton canvas tote with long handles — laptop, groceries, life. Original Trenzora design, made to order in India.",draft
coffee-personality-tumbler,Coffee Personality — 20oz Tumbler,<p>Every plan worth making started over a cup. Membership to the Bombay Coffee Club.</p><p>A 20oz insulated stainless steel tumbler with the design printed front and centre.</p>,Trenzora,Tumbler,"design:coffee-personality, type:tumbler, drop:01, col:mumbai-made, col:drops, col:trending, col:gifts",FALSE,Title,Default Title,TRZ-COF-TMB,450,,continue,manual,1099.00,,TRUE,TRUE,Coffee Personality — 20oz Tumbler | Trenzora,Good ideas start with coffee. A 20oz insulated stainless steel tumbler with the design printed front and centre. Made to order in India.,draft
bestie-energy-oversized-tee,Bestie Energy — Premium Oversized Tee,"<p>Every secret, every 2 a.m. voice note. She’s heard it all, and she’s still here.</p><p>A relaxed, boxy oversized tee in soft 100% cotton.</p>",Trenzora,T-Shirt,"design:bestie-energy, type:oversized-tee, drop:01, col:drops, col:trending, col:gifts",FALSE,Size,S,TRZ-BES-TEE-S,300,,continue,manual,999.00,,TRUE,TRUE,Bestie Energy — Premium Oversized Tee | Trenzora,"She knows too much. That’s why she’s my bestie. A relaxed, boxy oversized tee in soft 100% cotton. Original Trenzora design, made to order in India.",draft
bestie-energy-oversized-tee,,,,,,,,M,TRZ-BES-TEE-M,300,,continue,manual,999.00,,TRUE,TRUE,,,
bestie-energy-oversized-tee,,,,,,,,L,TRZ-BES-TEE-L,300,,continue,manual,999.00,,TRUE,TRUE,,,
bestie-energy-oversized-tee,,,,,,,,XL,TRZ-BES-TEE-XL,300,,continue,manual,999.00,,TRUE,TRUE,,,
bestie-energy-oversized-tee,,,,,,,,XXL,TRZ-BES-TEE-XXL,300,,continue,manual,999.00,,TRUE,TRUE,,,
bestie-energy-tote,Bestie Energy — Everyday Tote,"<p>Every secret, every 2 a.m. voice note. She’s heard it all, and she’s still here.</p><p>A sturdy cotton canvas tote with long handles — laptop, groceries, life.</p>",Trenzora,Tote Bag,"design:bestie-energy, type:tote, drop:01, col:drops, col:trending, col:gifts",FALSE,Title,Default Title,TRZ-BES-TOT,200,,continue,manual,599.00,,TRUE,TRUE,Bestie Energy — Everyday Tote | Trenzora,"She knows too much. That’s why she’s my bestie. A sturdy cotton canvas tote with long handles — laptop, groceries, life. Made to order in India.",draft
bestie-energy-tumbler,Bestie Energy — 20oz Tumbler,"<p>Every secret, every 2 a.m. voice note. She’s heard it all, and she’s still here.</p><p>A 20oz insulated stainless steel tumbler with the design printed front and centre.</p>",Trenzora,Tumbler,"design:bestie-energy, type:tumbler, drop:01, col:drops, col:trending, col:gifts",FALSE,Title,Default Title,TRZ-BES-TMB,450,,continue,manual,1099.00,,TRUE,TRUE,Bestie Energy — 20oz Tumbler | Trenzora,She knows too much. That’s why she’s my bestie. A 20oz insulated stainless steel tumbler with the design printed front and centre. Made to order in India.,draft
pet-parent-oversized-tee,Pet Parent — Premium Oversized Tee,"<p>Indie or pedigree, adopted or rescued. They run the house; you’re just the staff.</p><p>A relaxed, boxy oversized tee in soft 100% cotton.</p>",Trenzora,T-Shirt,"design:pet-parent, type:oversized-tee, drop:01, col:drops, col:gifts",FALSE,Size,S,TRZ-PET-TEE-S,300,,continue,manual,999.00,,TRUE,TRUE,Pet Parent — Premium Oversized Tee | Trenzora,"Proud member of the Pet Parent Club. A relaxed, boxy oversized tee in soft 100% cotton. Original Trenzora design, made to order in India.",draft
pet-parent-oversized-tee,,,,,,,,M,TRZ-PET-TEE-M,300,,continue,manual,999.00,,TRUE,TRUE,,,
pet-parent-oversized-tee,,,,,,,,L,TRZ-PET-TEE-L,300,,continue,manual,999.00,,TRUE,TRUE,,,
pet-parent-oversized-tee,,,,,,,,XL,TRZ-PET-TEE-XL,300,,continue,manual,999.00,,TRUE,TRUE,,,
pet-parent-oversized-tee,,,,,,,,XXL,TRZ-PET-TEE-XXL,300,,continue,manual,999.00,,TRUE,TRUE,,,
pet-parent-tote,Pet Parent — Everyday Tote,"<p>Indie or pedigree, adopted or rescued. They run the house; you’re just the staff.</p><p>A sturdy cotton canvas tote with long handles — laptop, groceries, life.</p>",Trenzora,Tote Bag,"design:pet-parent, type:tote, drop:01, col:drops, col:gifts",FALSE,Title,Default Title,TRZ-PET-TOT,200,,continue,manual,599.00,,TRUE,TRUE,Pet Parent — Everyday Tote | Trenzora,"Proud member of the Pet Parent Club. A sturdy cotton canvas tote with long handles — laptop, groceries, life. Original Trenzora design, made to order in India.",draft
pet-parent-tumbler,Pet Parent — 20oz Tumbler,"<p>Indie or pedigree, adopted or rescued. They run the house; you’re just the staff.</p><p>A 20oz insulated stainless steel tumbler with the design printed front and centre.</p>",Trenzora,Tumbler,"design:pet-parent, type:tumbler, drop:01, col:drops, col:gifts",FALSE,Title,Default Title,TRZ-PET-TMB,450,,continue,manual,1099.00,,TRUE,TRUE,Pet Parent — 20oz Tumbler | Trenzora,Proud member of the Pet Parent Club. A 20oz insulated stainless steel tumbler with the design printed front and centre. Made to order in India.,draft
campus-energy-oversized-tee,Campus Energy — Premium Oversized Tee,"<p>Canteen debates, 2 a.m. Maggi, the night-before-the-exam plan. The years you’ll talk about forever.</p><p>A relaxed, boxy oversized tee in soft 100% cotton.</p>",Trenzora,T-Shirt,"design:campus-energy, type:oversized-tee, drop:01, col:drops",FALSE,Size,S,TRZ-CAM-TEE-S,300,,continue,manual,999.00,,TRUE,TRUE,Campus Energy — Premium Oversized Tee | Trenzora,"Attendance is a suggestion. A relaxed, boxy oversized tee in soft 100% cotton. Original Trenzora design, made to order in India.",draft
campus-energy-oversized-tee,,,,,,,,M,TRZ-CAM-TEE-M,300,,continue,manual,999.00,,TRUE,TRUE,,,
campus-energy-oversized-tee,,,,,,,,L,TRZ-CAM-TEE-L,300,,continue,manual,999.00,,TRUE,TRUE,,,
campus-energy-oversized-tee,,,,,,,,XL,TRZ-CAM-TEE-XL,300,,continue,manual,999.00,,TRUE,TRUE,,,
campus-energy-oversized-tee,,,,,,,,XXL,TRZ-CAM-TEE-XXL,300,,continue,manual,999.00,,TRUE,TRUE,,,
campus-energy-tote,Campus Energy — Everyday Tote,"<p>Canteen debates, 2 a.m. Maggi, the night-before-the-exam plan. The years you’ll talk about forever.</p><p>A sturdy cotton canvas tote with long handles — laptop, groceries, life.</p>",Trenzora,Tote Bag,"design:campus-energy, type:tote, drop:01, col:drops",FALSE,Title,Default Title,TRZ-CAM-TOT,200,,continue,manual,599.00,,TRUE,TRUE,Campus Energy — Everyday Tote | Trenzora,"Attendance is a suggestion. A sturdy cotton canvas tote with long handles — laptop, groceries, life. Original Trenzora design, made to order in India.",draft
campus-energy-tumbler,Campus Energy — 20oz Tumbler,"<p>Canteen debates, 2 a.m. Maggi, the night-before-the-exam plan. The years you’ll talk about forever.</p><p>A 20oz insulated stainless steel tumbler with the design printed front and centre.</p>",Trenzora,Tumbler,"design:campus-energy, type:tumbler, drop:01, col:drops",FALSE,Title,Default Title,TRZ-CAM-TMB,450,,continue,manual,1099.00,,TRUE,TRUE,Campus Energy — 20oz Tumbler | Trenzora,"Attendance is a suggestion. A 20oz insulated stainless steel tumbler with the design printed front and centre. Original Trenzora design, made to order in India.",draft
desi-roots-oversized-tee,Desi Roots — Premium Oversized Tee,"<p>“Maajhi Mumbai”: my Mumbai, written in Marathi. For everyone whose roots run through the city, here or far away.</p><p>A relaxed, boxy oversized tee in soft 100% cotton.</p>",Trenzora,T-Shirt,"design:desi-roots, type:oversized-tee, drop:01, col:mumbai-made, col:drops, col:gifts",FALSE,Size,S,TRZ-DES-TEE-S,300,,continue,manual,999.00,,TRUE,TRUE,Desi Roots — Premium Oversized Tee | Trenzora,"Same roots. New stories. A relaxed, boxy oversized tee in soft 100% cotton. Original Trenzora design, made to order in India.",draft
desi-roots-oversized-tee,,,,,,,,M,TRZ-DES-TEE-M,300,,continue,manual,999.00,,TRUE,TRUE,,,
desi-roots-oversized-tee,,,,,,,,L,TRZ-DES-TEE-L,300,,continue,manual,999.00,,TRUE,TRUE,,,
desi-roots-oversized-tee,,,,,,,,XL,TRZ-DES-TEE-XL,300,,continue,manual,999.00,,TRUE,TRUE,,,
desi-roots-oversized-tee,,,,,,,,XXL,TRZ-DES-TEE-XXL,300,,continue,manual,999.00,,TRUE,TRUE,,,
desi-roots-tote,Desi Roots — Everyday Tote,"<p>“Maajhi Mumbai”: my Mumbai, written in Marathi. For everyone whose roots run through the city, here or far away.</p><p>A sturdy cotton canvas tote with long handles — laptop, groceries, life.</p>",Trenzora,Tote Bag,"design:desi-roots, type:tote, drop:01, col:mumbai-made, col:drops, col:gifts",FALSE,Title,Default Title,TRZ-DES-TOT,200,,continue,manual,599.00,,TRUE,TRUE,Desi Roots — Everyday Tote | Trenzora,"Same roots. New stories. A sturdy cotton canvas tote with long handles — laptop, groceries, life. Original Trenzora design, made to order in India.",draft
desi-roots-tumbler,Desi Roots — 20oz Tumbler,"<p>“Maajhi Mumbai”: my Mumbai, written in Marathi. For everyone whose roots run through the city, here or far away.</p><p>A 20oz insulated stainless steel tumbler with the design printed front and centre.</p>",Trenzora,Tumbler,"design:desi-roots, type:tumbler, drop:01, col:mumbai-made, col:drops, col:gifts",FALSE,Title,Default Title,TRZ-DES-TMB,450,,continue,manual,1099.00,,TRUE,TRUE,Desi Roots — 20oz Tumbler | Trenzora,"Same roots. New stories. A 20oz insulated stainless steel tumbler with the design printed front and centre. Original Trenzora design, made to order in India.",draft
