SKU,Handle,Title,Variant,Design family,Product type,Supplier,Production master,Supplier product ref,Image alt text (use on upload),Retail price (INR),Personalization planned
TRZ-MUM-TEE-S,mumbai-made-oversized-tee,Mumbai Made — Premium Oversized Tee,S,Mumbai Made,Premium Oversized Tee,Printrove,01_mumbai_made.png,,Mumbai Made design printed on a Trenzora oversized tee,999,false
TRZ-MUM-TEE-M,mumbai-made-oversized-tee,Mumbai Made — Premium Oversized Tee,M,Mumbai Made,Premium Oversized Tee,Printrove,01_mumbai_made.png,,Mumbai Made design printed on a Trenzora oversized tee,999,false
TRZ-MUM-TEE-L,mumbai-made-oversized-tee,Mumbai Made — Premium Oversized Tee,L,Mumbai Made,Premium Oversized Tee,Printrove,01_mumbai_made.png,,Mumbai Made design printed on a Trenzora oversized tee,999,false
TRZ-MUM-TEE-XL,mumbai-made-oversized-tee,Mumbai Made — Premium Oversized Tee,XL,Mumbai Made,Premium Oversized Tee,Printrove,01_mumbai_made.png,,Mumbai Made design printed on a Trenzora oversized tee,999,false
TRZ-MUM-TEE-XXL,mumbai-made-oversized-tee,Mumbai Made — Premium Oversized Tee,XXL,Mumbai Made,Premium Oversized Tee,Printrove,01_mumbai_made.png,,Mumbai Made design printed on a Trenzora oversized tee,999,false
TRZ-MUM-TOT,mumbai-made-tote,Mumbai Made — Everyday Tote,,Mumbai Made,Everyday Tote,Qikink,01_mumbai_made.png,,Mumbai Made design printed on a Trenzora tote,599,false
TRZ-MUM-TMB,mumbai-made-tumbler,Mumbai Made — 20oz Tumbler,,Mumbai Made,20oz Tumbler,Qikink,01_mumbai_made.png,,Mumbai Made design printed on a Trenzora 20oz tumbler,1099,false
TRZ-LOC-TEE-S,local-life-oversized-tee,Local Life — Premium Oversized Tee,S,Local Life,Premium Oversized Tee,Printrove,02_local_life.png,,Local Life design printed on a Trenzora oversized tee,999,false
TRZ-LOC-TEE-M,local-life-oversized-tee,Local Life — Premium Oversized Tee,M,Local Life,Premium Oversized Tee,Printrove,02_local_life.png,,Local Life design printed on a Trenzora oversized tee,999,false
TRZ-LOC-TEE-L,local-life-oversized-tee,Local Life — Premium Oversized Tee,L,Local Life,Premium Oversized Tee,Printrove,02_local_life.png,,Local Life design printed on a Trenzora oversized tee,999,false
TRZ-LOC-TEE-XL,local-life-oversized-tee,Local Life — Premium Oversized Tee,XL,Local Life,Premium Oversized Tee,Printrove,02_local_life.png,,Local Life design printed on a Trenzora oversized tee,999,false
TRZ-LOC-TEE-XXL,local-life-oversized-tee,Local Life — Premium Oversized Tee,XXL,Local Life,Premium Oversized Tee,Printrove,02_local_life.png,,Local Life design printed on a Trenzora oversized tee,999,false
TRZ-LOC-TOT,local-life-tote,Local Life — Everyday Tote,,Local Life,Everyday Tote,Qikink,02_local_life.png,,Local Life design printed on a Trenzora tote,599,false
TRZ-LOC-TMB,local-life-tumbler,Local Life — 20oz Tumbler,,Local Life,20oz Tumbler,Qikink,02_local_life.png,,Local Life design printed on a Trenzora 20oz tumbler,1099,false
TRZ-COR-TEE-S,corporate-survivor-oversized-tee,Corporate Survivor — Premium Oversized Tee,S,Corporate Survivor,Premium Oversized Tee,Printrove,03_corporate_survivor.png,,Corporate Survivor design printed on a Trenzora oversized tee,999,false
TRZ-COR-TEE-M,corporate-survivor-oversized-tee,Corporate Survivor — Premium Oversized Tee,M,Corporate Survivor,Premium Oversized Tee,Printrove,03_corporate_survivor.png,,Corporate Survivor design printed on a Trenzora oversized tee,999,false
TRZ-COR-TEE-L,corporate-survivor-oversized-tee,Corporate Survivor — Premium Oversized Tee,L,Corporate Survivor,Premium Oversized Tee,Printrove,03_corporate_survivor.png,,Corporate Survivor design printed on a Trenzora oversized tee,999,false
TRZ-COR-TEE-XL,corporate-survivor-oversized-tee,Corporate Survivor — Premium Oversized Tee,XL,Corporate Survivor,Premium Oversized Tee,Printrove,03_corporate_survivor.png,,Corporate Survivor design printed on a Trenzora oversized tee,999,false
TRZ-COR-TEE-XXL,corporate-survivor-oversized-tee,Corporate Survivor — Premium Oversized Tee,XXL,Corporate Survivor,Premium Oversized Tee,Printrove,03_corporate_survivor.png,,Corporate Survivor design printed on a Trenzora oversized tee,999,false
TRZ-COR-TOT,corporate-survivor-tote,Corporate Survivor — Everyday Tote,,Corporate Survivor,Everyday Tote,Qikink,03_corporate_survivor.png,,Corporate Survivor design printed on a Trenzora tote,599,false
TRZ-COR-TMB,corporate-survivor-tumbler,Corporate Survivor — 20oz Tumbler,,Corporate Survivor,20oz Tumbler,Qikink,03_corporate_survivor.png,,Corporate Survivor design printed on a Trenzora 20oz tumbler,1099,false
TRZ-COF-TEE-S,coffee-personality-oversized-tee,Coffee Personality — Premium Oversized Tee,S,Coffee Personality,Premium Oversized Tee,Printrove,04_coffee_personality.png,,Coffee Personality design printed on a Trenzora oversized tee,999,false
TRZ-COF-TEE-M,coffee-personality-oversized-tee,Coffee Personality — Premium Oversized Tee,M,Coffee Personality,Premium Oversized Tee,Printrove,04_coffee_personality.png,,Coffee Personality design printed on a Trenzora oversized tee,999,false
TRZ-COF-TEE-L,coffee-personality-oversized-tee,Coffee Personality — Premium Oversized Tee,L,Coffee Personality,Premium Oversized Tee,Printrove,04_coffee_personality.png,,Coffee Personality design printed on a Trenzora oversized tee,999,false
TRZ-COF-TEE-XL,coffee-personality-oversized-tee,Coffee Personality — Premium Oversized Tee,XL,Coffee Personality,Premium Oversized Tee,Printrove,04_coffee_personality.png,,Coffee Personality design printed on a Trenzora oversized tee,999,false
TRZ-COF-TEE-XXL,coffee-personality-oversized-tee,Coffee Personality — Premium Oversized Tee,XXL,Coffee Personality,Premium Oversized Tee,Printrove,04_coffee_personality.png,,Coffee Personality design printed on a Trenzora oversized tee,999,false
TRZ-COF-TOT,coffee-personality-tote,Coffee Personality — Everyday Tote,,Coffee Personality,Everyday Tote,Qikink,04_coffee_personality.png,,Coffee Personality design printed on a Trenzora tote,599,false
TRZ-COF-TMB,coffee-personality-tumbler,Coffee Personality — 20oz Tumbler,,Coffee Personality,20oz Tumbler,Qikink,04_coffee_personality.png,,Coffee Personality design printed on a Trenzora 20oz tumbler,1099,false
TRZ-BES-TEE-S,bestie-energy-oversized-tee,Bestie Energy — Premium Oversized Tee,S,Bestie Energy,Premium Oversized Tee,Printrove,05_bestie_energy.png,,Bestie Energy design printed on a Trenzora oversized tee,999,false
TRZ-BES-TEE-M,bestie-energy-oversized-tee,Bestie Energy — Premium Oversized Tee,M,Bestie Energy,Premium Oversized Tee,Printrove,05_bestie_energy.png,,Bestie Energy design printed on a Trenzora oversized tee,999,false
TRZ-BES-TEE-L,bestie-energy-oversized-tee,Bestie Energy — Premium Oversized Tee,L,Bestie Energy,Premium Oversized Tee,Printrove,05_bestie_energy.png,,Bestie Energy design printed on a Trenzora oversized tee,999,false
TRZ-BES-TEE-XL,bestie-energy-oversized-tee,Bestie Energy — Premium Oversized Tee,XL,Bestie Energy,Premium Oversized Tee,Printrove,05_bestie_energy.png,,Bestie Energy design printed on a Trenzora oversized tee,999,false
TRZ-BES-TEE-XXL,bestie-energy-oversized-tee,Bestie Energy — Premium Oversized Tee,XXL,Bestie Energy,Premium Oversized Tee,Printrove,05_bestie_energy.png,,Bestie Energy design printed on a Trenzora oversized tee,999,false
TRZ-BES-TOT,bestie-energy-tote,Bestie Energy — Everyday Tote,,Bestie Energy,Everyday Tote,Qikink,05_bestie_energy.png,,Bestie Energy design printed on a Trenzora tote,599,false
TRZ-BES-TMB,bestie-energy-tumbler,Bestie Energy — 20oz Tumbler,,Bestie Energy,20oz Tumbler,Qikink,05_bestie_energy.png,,Bestie Energy design printed on a Trenzora 20oz tumbler,1099,false
TRZ-USS-TEE-S,us-oversized-tee,Us — Premium Oversized Tee,S,Us,Premium Oversized Tee,Printrove,06_us.png,,Us design printed on a Trenzora oversized tee,999,true
TRZ-USS-TEE-M,us-oversized-tee,Us — Premium Oversized Tee,M,Us,Premium Oversized Tee,Printrove,06_us.png,,Us design printed on a Trenzora oversized tee,999,true
TRZ-USS-TEE-L,us-oversized-tee,Us — Premium Oversized Tee,L,Us,Premium Oversized Tee,Printrove,06_us.png,,Us design printed on a Trenzora oversized tee,999,true
TRZ-USS-TEE-XL,us-oversized-tee,Us — Premium Oversized Tee,XL,Us,Premium Oversized Tee,Printrove,06_us.png,,Us design printed on a Trenzora oversized tee,999,true
TRZ-USS-TEE-XXL,us-oversized-tee,Us — Premium Oversized Tee,XXL,Us,Premium Oversized Tee,Printrove,06_us.png,,Us design printed on a Trenzora oversized tee,999,true
TRZ-USS-TOT,us-tote,Us — Everyday Tote,,Us,Everyday Tote,Qikink,06_us.png,,Us design printed on a Trenzora tote,599,true
TRZ-USS-TMB,us-tumbler,Us — 20oz Tumbler,,Us,20oz Tumbler,Qikink,06_us.png,,Us design printed on a Trenzora 20oz tumbler,1099,true
TRZ-PET-TEE-S,pet-parent-oversized-tee,Pet Parent — Premium Oversized Tee,S,Pet Parent,Premium Oversized Tee,Printrove,07_pet_parent.png,,Pet Parent design printed on a Trenzora oversized tee,999,false
TRZ-PET-TEE-M,pet-parent-oversized-tee,Pet Parent — Premium Oversized Tee,M,Pet Parent,Premium Oversized Tee,Printrove,07_pet_parent.png,,Pet Parent design printed on a Trenzora oversized tee,999,false
TRZ-PET-TEE-L,pet-parent-oversized-tee,Pet Parent — Premium Oversized Tee,L,Pet Parent,Premium Oversized Tee,Printrove,07_pet_parent.png,,Pet Parent design printed on a Trenzora oversized tee,999,false
TRZ-PET-TEE-XL,pet-parent-oversized-tee,Pet Parent — Premium Oversized Tee,XL,Pet Parent,Premium Oversized Tee,Printrove,07_pet_parent.png,,Pet Parent design printed on a Trenzora oversized tee,999,false
TRZ-PET-TEE-XXL,pet-parent-oversized-tee,Pet Parent — Premium Oversized Tee,XXL,Pet Parent,Premium Oversized Tee,Printrove,07_pet_parent.png,,Pet Parent design printed on a Trenzora oversized tee,999,false
TRZ-PET-TOT,pet-parent-tote,Pet Parent — Everyday Tote,,Pet Parent,Everyday Tote,Qikink,07_pet_parent.png,,Pet Parent design printed on a Trenzora tote,599,false
TRZ-PET-TMB,pet-parent-tumbler,Pet Parent — 20oz Tumbler,,Pet Parent,20oz Tumbler,Qikink,07_pet_parent.png,,Pet Parent design printed on a Trenzora 20oz tumbler,1099,false
TRZ-CAM-TEE-S,campus-energy-oversized-tee,Campus Energy — Premium Oversized Tee,S,Campus Energy,Premium Oversized Tee,Printrove,08_campus_energy.png,,Campus Energy design printed on a Trenzora oversized tee,999,false
TRZ-CAM-TEE-M,campus-energy-oversized-tee,Campus Energy — Premium Oversized Tee,M,Campus Energy,Premium Oversized Tee,Printrove,08_campus_energy.png,,Campus Energy design printed on a Trenzora oversized tee,999,false
TRZ-CAM-TEE-L,campus-energy-oversized-tee,Campus Energy — Premium Oversized Tee,L,Campus Energy,Premium Oversized Tee,Printrove,08_campus_energy.png,,Campus Energy design printed on a Trenzora oversized tee,999,false
TRZ-CAM-TEE-XL,campus-energy-oversized-tee,Campus Energy — Premium Oversized Tee,XL,Campus Energy,Premium Oversized Tee,Printrove,08_campus_energy.png,,Campus Energy design printed on a Trenzora oversized tee,999,false
TRZ-CAM-TEE-XXL,campus-energy-oversized-tee,Campus Energy — Premium Oversized Tee,XXL,Campus Energy,Premium Oversized Tee,Printrove,08_campus_energy.png,,Campus Energy design printed on a Trenzora oversized tee,999,false
TRZ-CAM-TOT,campus-energy-tote,Campus Energy — Everyday Tote,,Campus Energy,Everyday Tote,Qikink,08_campus_energy.png,,Campus Energy design printed on a Trenzora tote,599,false
TRZ-CAM-TMB,campus-energy-tumbler,Campus Energy — 20oz Tumbler,,Campus Energy,20oz Tumbler,Qikink,08_campus_energy.png,,Campus Energy design printed on a Trenzora 20oz tumbler,1099,false
TRZ-DES-TEE-S,desi-roots-oversized-tee,Desi Roots — Premium Oversized Tee,S,Desi Roots,Premium Oversized Tee,Printrove,09_desi_roots.png,,Desi Roots design printed on a Trenzora oversized tee,999,false
TRZ-DES-TEE-M,desi-roots-oversized-tee,Desi Roots — Premium Oversized Tee,M,Desi Roots,Premium Oversized Tee,Printrove,09_desi_roots.png,,Desi Roots design printed on a Trenzora oversized tee,999,false
TRZ-DES-TEE-L,desi-roots-oversized-tee,Desi Roots — Premium Oversized Tee,L,Desi Roots,Premium Oversized Tee,Printrove,09_desi_roots.png,,Desi Roots design printed on a Trenzora oversized tee,999,false
TRZ-DES-TEE-XL,desi-roots-oversized-tee,Desi Roots — Premium Oversized Tee,XL,Desi Roots,Premium Oversized Tee,Printrove,09_desi_roots.png,,Desi Roots design printed on a Trenzora oversized tee,999,false
TRZ-DES-TEE-XXL,desi-roots-oversized-tee,Desi Roots — Premium Oversized Tee,XXL,Desi Roots,Premium Oversized Tee,Printrove,09_desi_roots.png,,Desi Roots design printed on a Trenzora oversized tee,999,false
TRZ-DES-TOT,desi-roots-tote,Desi Roots — Everyday Tote,,Desi Roots,Everyday Tote,Qikink,09_desi_roots.png,,Desi Roots design printed on a Trenzora tote,599,false
TRZ-DES-TMB,desi-roots-tumbler,Desi Roots — 20oz Tumbler,,Desi Roots,20oz Tumbler,Qikink,09_desi_roots.png,,Desi Roots design printed on a Trenzora 20oz tumbler,1099,false
TRZ-MIY-TEE-S,make-it-yours-oversized-tee,Make It Yours — Premium Oversized Tee,S,Make It Yours,Premium Oversized Tee,Printrove,10_make_it_yours.png,,Make It Yours design printed on a Trenzora oversized tee,999,true
TRZ-MIY-TEE-M,make-it-yours-oversized-tee,Make It Yours — Premium Oversized Tee,M,Make It Yours,Premium Oversized Tee,Printrove,10_make_it_yours.png,,Make It Yours design printed on a Trenzora oversized tee,999,true
TRZ-MIY-TEE-L,make-it-yours-oversized-tee,Make It Yours — Premium Oversized Tee,L,Make It Yours,Premium Oversized Tee,Printrove,10_make_it_yours.png,,Make It Yours design printed on a Trenzora oversized tee,999,true
TRZ-MIY-TEE-XL,make-it-yours-oversized-tee,Make It Yours — Premium Oversized Tee,XL,Make It Yours,Premium Oversized Tee,Printrove,10_make_it_yours.png,,Make It Yours design printed on a Trenzora oversized tee,999,true
TRZ-MIY-TEE-XXL,make-it-yours-oversized-tee,Make It Yours — Premium Oversized Tee,XXL,Make It Yours,Premium Oversized Tee,Printrove,10_make_it_yours.png,,Make It Yours design printed on a Trenzora oversized tee,999,true
TRZ-MIY-TOT,make-it-yours-tote,Make It Yours — Everyday Tote,,Make It Yours,Everyday Tote,Qikink,10_make_it_yours.png,,Make It Yours design printed on a Trenzora tote,599,true
TRZ-MIY-TMB,make-it-yours-tumbler,Make It Yours — 20oz Tumbler,,Make It Yours,20oz Tumbler,Qikink,10_make_it_yours.png,,Make It Yours design printed on a Trenzora 20oz tumbler,1099,true
