doba_sku_id,doba_cost_usd,checked_on,product,derived_cost_usd,exact_doba_url
jAqdKQyGwobR,,,SUV Tailgate Tent 8×8 ft (sleeps 6–8),109.51,https://www.doba.com/product/jAqdKQyGwobR/dropshipping-suv-camping-tent-8-8-suv-tent-attachment-for-camping-with-rain-layer-and-carry-bag-pu2000mm-double-layer-truck-tent-accommodate-6-8-person-rear-tent-for-van-hatch-tailgate.html
TZqbFWPfweVi,,,Canvas Bell Tent 3 m with stove jack,195.10,https://www.doba.com/product/TZqbFWPfweVi/dropshipping-canvas-bell-tent-4-seasons-3-m98ft-yurt-tent-canvas-tent-for-camping-with-stove-jack-breathable-tent-holds-up-to-4-people-family-camping-outdoor-hunting-party.html
zDQmFaJcfKvl,,,12V Car Fridge 20 L (21 qt),119.91,https://www.doba.com/product/zDQmFaJcfKvl/dropshipping-12-volt-refrigerator-211-qt-20l-car-fridge-portable-ultra-light-epp-freezer-app-control-electric-compressor-12v24v-dc-14-f-to-50-f-for-truck-van-rv-suv-boat-travel-camping.html
mcVLbJdSnFDj,,,Car Side Awning 6.6×8.2 ft,105.51,https://www.doba.com/product/mcVLbJdSnFDj/dropshipping-car-side-awning-large-66-x-82-shade-coverage-vehicle-awning-pu3000mm-uv50-retractable-car-awning-with-waterproof-storage-bag-height-adjustable-suitable-for-truck-suv-van-campers.html
ywvPVcNinQDa,,,Vehicle Awning 10×7 ft,75.91,https://www.doba.com/product/ywvPVcNinQDa/dropshipping-vehicle-awning-large-10-x-7-shade-coverage-car-side-awning-pu2000mm-uv50-car-awning-with-extended-side-canopies-and-portable-storage-bag-suitable-for-truck-suv-van-campers.html
AoerVWdoEFvK,,,2-Person Folding Camping Cot with bedding,126.72,https://www.doba.com/product/AoerVWdoEFvK/dropshipping-2-person-foldable-camping-cot-portable-outdoor-w-bedspread-thick-air-mattress-4-in-1-elevated-camping-bed-tent-for-hiking-picnic-green.html
WMKkQoJtTeqD,,,"Large SUV Tent 10.6×8 ft, all-season (5–9 people)",134.31,https://www.doba.com/product/WMKkQoJtTeqD/dropshipping-large-suv-tent-for-59-person-106-x-8-ft-all-season-suv-tailgate-tent-with-ventilated-door-mesh-windows-pu3000mm-waterproof-dual-use-car-rear-hatch-tents-for-outdoor-camping-hiking.html
OBFtqRpGScVN,,,"Folding Camp Kitchen Table, 3 heights, aluminum",49.51,https://www.doba.com/product/OBFtqRpGScVN/dropshipping-camping-kitchen-table-folding-outdoor-cooking-table-3-adjustable-height-aluminum-lightweight-portable-cook-station-with-storage-organizer-carry-handle-for-bbq-party-picnic-rv-travel-blue.html
GoeQKdctYCvO,,,"Shower & Privacy Tent, 1 room with crossbar",66.31,https://www.doba.com/product/GoeQKdctYCvO/dropshipping-camping-shower-tent-1-room-foldable-privacy-tent-changing-room-with-ground-stakes-ropes-carry-bag-and-crossbar-210d-oxford-fabric-with-silver-coating-for-camping-beach-and-fishing.html
ZhCWVBIveQvp,,,Zero-Gravity Rocking Chair Set (2),145.76,https://www.doba.com/product/ZhCWVBIveQvp/dropshipping-zero-gravity-rocking-chair-set-2-pcs-outdoor-recliner-foldable-with-pillow-cup-phone-holder-beige.html
hODWVblfiFqe,,,Truck Bed Tent for 6.4–6.7 ft beds,75.91,https://www.doba.com/product/hODWVblfiFqe/dropshipping-truck-bed-tent-64-67-pickup-truck-tent-with-rain-layer-and-carry-bag-waterproof-pu2000mm-double-layer-truck-tent-accommodate-2-3-person-for-camping-traveling-outdoor-activities.html
QiDZCIlLYJqN,,,Mobile Camp Kitchen Box with wheels,187.18,https://www.doba.com/product/QiDZCIlLYJqN/dropshipping-outdoor-mobile-kitchen-portable-multifunctional-camp-box-with-wheels-all-in-one-integrated-cooking-station-with-windproof-stove-folding-tables-storage-organizer-black.html
rgQkvcdqqKDH,,,Flashfish E103 300W Power Station (LiFePO4),99.06,https://www.doba.com/product/rgQkvcdqqKDH/dropshipping-ff-flashfish-e103-300w-portable-power-station-1792wh-lifepo4-battery-pack-solar-generator-with-300w-600w-surge-ac-outlets-backup-power-for-home-use-camping-emergencies.html
rbFtqdSLIQDj,,,Shower Tent with Solar Shower Bag,51.73,https://www.doba.com/product/rbFtqdSLIQDj/dropshipping-camping-shower-tent-portable-privacy-shelter-with-solar-shower-bag-removable-floor-and-carrying-bag-blue.html
hTqwPGDooYVc,,,Folding Campfire Grill 22 in,27.12,https://www.doba.com/product/hTqwPGDooYVc/dropshipping-folding-campfire-grill-heavy-duty-steel-mesh-grate-224-portable-camping-grates-over-fire-pit-camp-fire-cooking-equipment-with-legs-carrying-bag-grilling-rack-for-outdoor-open-flame-cooking.html
GjCbqFNRMeVs,,,2-Person Folding Cot 50 in wide,69.44,https://www.doba.com/product/GjCbqFNRMeVs/dropshipping-2-person-folding-camping-cot-for-adults-50-extra-wide-portable-sleeping-cot-with-carry-bag-elevated-camping-bed-beach-hiking-blue.html
zoCtFfJimeDn,,,Oxford Bell Tent 3 m with stove jack (non-canvas),139.18,https://www.doba.com/product/zoCtFfJimeDn/dropshipping-oxford-bell-tent-4-seasons-984-ft-yurt-tent-for-camping-with-stove-jack-waterproof-breathable-holds-up-to-3-people-with-zipped-detachable-floor-family-camping-glamping-outdoor-hunting-party.html
nKqFVcmUwYvG,,,Flashfish 100W Foldable Solar Panel,93.88,https://www.doba.com/product/nKqFVcmUwYvG/dropshipping-100w-18v-portable-solar-panel-flashfish-foldable-solar-charger-with-5v-usb-18v-dc-output-type-c-output-compatible-with-portable-generator-smartphones-tablets-and-more.html
RJetCMoBuQvF,,,Rooftop Cargo Bag 20 cu ft,47.99,https://www.doba.com/product/RJetCMoBuQvF/dropshipping-car-rooftop-cargo-carrier-bag-20-cubic-feet-roof-cargo-carrier-heavy-duty-840d-pvc-100-waterproof-car-roof-luggage-bag-for-all-vehicle-withwithout-rack--with-lock-anti-slip-mat-6-door-hook.html
aobWCtJUMQDV,,,1000 lm LED Lantern (360°),14.40,https://www.doba.com/product/aobWCtJUMQDV/dropshipping-led-camping-lantern-all-in-one-1000lm-360-illumination-4-lighting-modes-battery-powered-light-outdoor-robust-flashlight-built-to-last-light-ideal-for-hiking-fishing-outages-repairs.html
IFecQrCyBKDJ,,,Inflatable SUV Tent with Awning 8×6.7 ft,192.78,https://www.doba.com/product/IFecQrCyBKDJ/dropshipping-inflatable-suv-tent-with-awning-8-x-67-ft-3-season-suv-tailgate-tent-with-ventilated-doors-mesh-window-pu2000mm-waterproof-car-rear-hatch-tents-for-outdoor-camping---air-pump-included.html
dleDFrCjkKVa,,,"SUV Tent 10×9 ft, 3-season (6 people)",98.39,https://www.doba.com/product/dleDFrCjkKVa/dropshipping-large-suv-tent-for-6-person-10-x-9-ft-3-season-suv-tailgate-tent-with-ventilated-doors-mesh-windows-pu2000mm-waterproof-dual-use-car-rear-hatch-tents-for-outdoor-camping-hiking.html
UdegqhNlQFDz,,,"Tent Wood Stove 80 in pipe, stainless",71.11,https://www.doba.com/product/UdegqhNlQFDz/dropshipping-wood-stove-80-inch-stainless-steel-camping-tent-stove-portable-wood-burning-stove-with-chimney-pipes-gloves-700infirebox-hot-tent-stove-for-outdoor-cooking-and-heating-with-8-pipes.html
qtCcvfZolJDb,,,1200W Power Station + 200W Solar Panel,516.66,https://www.doba.com/product/qtCcvfZolJDb/dropshipping-portable-power-station-with-200w-solar-panel-1200w-solar-generator-power-station-806wh-lifepo4-battery-backup-with-9-output-ports-for-home-emergency-outdoor-camping-rv-travel.html
WceHDgIyFCqQ,,,Elevated Tent Cot (all-in-one),98.28,https://www.doba.com/product/WceHDgIyFCqQ/dropshipping-folding-camping-cot-for-adults-all-in-one-elevated-tent-with-sleeping-bag-thick-air-mattress-portable-single-bed.html
FhCaQDRCbevV,,,Heated Double Camping Chair,88.50,https://www.doba.com/product/FhCaQDRCbevV/dropshipping-heated-double-camping-chair-oversized-folding-padded-camp-loveseat-couch-with-3-heat-levels-and-4-heating-zones.html
MwCkQqFCeKDK,,,12V Car Fridge 50 L,191.90,https://www.doba.com/product/MwCkQqFCeKDK/dropshipping-12-volt-car-refrigerator-528qt50l-car-fridge-portable-electric-cooler-with--4-68fahrenheit-adjustable-temperature-1224v-dc-and-100--240v-ac-compressor-freezer-for-outdoor-camping.html
hsvjPDbWkJVW,,,12V Dual-Zone Car Fridge 40 L,223.90,https://www.doba.com/product/hsvjPDbWkJVW/dropshipping-car-refrigerator-12-volt-car-refrigerator-fridge-40-l-dual-zone-portable-freezer--4-68-f-adjustable-range-1224v-dc-and-100-240v-ac-compressor-cooler-for-outdoor-camping-rv.html
RiCWKQcyDFVf,,,270° Awning 52 sq ft (driver side),220.70,https://www.doba.com/product/RiCWKQcyDFVf/dropshipping-270-degree-awning-52-sqft-driver-side-vehicle-awning-waterproof-uv50-car-side-awnings-with-carry-bag-all-weather-free-standing-overland-awnings-car-shelter-for-suv-van-truck-camping.html
hMCFetooyKbq,,,4-Person Inflatable Cabin Tent with pump,119.91,https://www.doba.com/product/hMCFetooyKbq/dropshipping-camping-tent-4-person-inflatable-cabin-tent-with-rechargeable-pump-tpu-air-tube-5-large-mesh-windows-portable-easy-setup-waterproof-with-carry-bag-for-family-outdoor-camping-hiking-green.html
mrVkDKNQvCbR,,,Truck Bed Air Mattress 6–6.5 ft,71.91,https://www.doba.com/product/mrVkDKNQvCbR/dropshipping-truck-bed-air-mattress-for-6-65-ft-full-size-truck-beds-inflatable-air-mattress-camping-bed-with-12v-air-pump-2-pillows-carry-bag-for-chevrolet-silverado-dodge-ram-ford-150250350.html
ARQbqcuDePVo,,,Collapsible Folding Wagon 550 lb,96.71,https://www.doba.com/product/ARQbqcuDePVo/dropshipping-collapsible-folding-wagon-550lb-load-220l-2-in-1-foldable-wagon-cart-converts-to-bench-utility-wagon-with-adjustable-handle-outdoor-cart-for-groceries-shopping-camping-gardening.html
qICevaBRVPDN,,,Screen House 6×6 ft pop-up,67.11,https://www.doba.com/product/qICevaBRVPDN/dropshipping-screen-house-tent-6-x-6-ft-4-6-person-pop-up-screen-tent-portable-screened-in-canopy-with-carry-bag-netting-sides-ground-stakes-for-garden-patio-backyard-and-outdoor-activities-beige.html
gpKMCYJEoebF,,,Oversized Camp Chair 450 lb,45.52,https://www.doba.com/product/gpKMCYJEoebF/dropshipping-oversized-camping-chairs-450-lbs-heavy-duty-support-portable-padded-folding-camp-chairs-with-dual-cup-holders-wine-glass-holders-carry-bag-for-outdoor-fishing-black-gray-1-pack.html
iwqIbPdcoQvu,,,Heavy-Duty Folding Camp Chair,31.92,https://www.doba.com/product/iwqIbPdcoQvu/dropshipping-camping-folding-chair-for-adults-portable-heavy-duty-outdoor-quad-lumbar-back-padded-arm-chairs-with-side-pockets-cup-holder-and-cooler-bag-for-beach-lawn-picnic-fishing-backpacking-black.html
ftFwKLcOQCDJ,,,Collapsible Storage Bins 65 L (2-pack),35.12,https://www.doba.com/product/ftFwKLcOQCDJ/dropshipping-plastic-collapsible-storage-bins-with-lids-65l-2-packs-stackable-folding-storage-crates-with-handles-holds-84-lbs-per-bin-heavy-duty-containers-space-saving-baskets-for-home-organizing.html
